,Price,Seqno,Symbol,time
0,1623.0,0.0,APPL,1473411962
1,1623.0,0.0,APPL,1473411962
2,1623.0,0.0,APPL,1473411963
3,1623.0,0.0,APPL,1473411963
4,1649.0,1.0,APPL,1473411963
5,,,,1473411963
6,,,,1473411964
7,,,,1473411964
8,,,,1473411964
9,,,,1473411964
10,,,,1473411965
11,,,,1473411965
12,,,,1473411965
13,,,,1473411965
14,,,,1473411966
15,,,,1473411966
16,,,,1473411966
17,,,,1473411966
18,,,,1473411967
19,,,,1473411967
20,,,,1473411967
21,,,,1473411967
22,,,,1473411968
23,,,,1473411968
24,,,,1473411968
25,,,,1473411968
26,,,,1473411969
27,,,,1473411969
28,,,,1473411969
29,,,,1473411969
30,,,,1473411969
31,,,,1473411970
32,,,,1473411970
33,,,,1473411970
34,,,,1473411971
35,,,,1473411971
36,,,,1473411971
37,,,,1473411971
38,,,,1473411972
39,,,,1473411972
40,,,,1473411972
41,,,,1473411972
42,,,,1473411972
43,,,,1473411973
44,,,,1473411973
45,,,,1473411973
46,,,,1473411974
47,,,,1473411974
48,,,,1473411974
49,,,,1473411974
50,,,,1473411974
51,,,,1473411975
52,,,,1473411975
53,,,,1473411975
54,,,,1473411975
55,,,,1473411975
56,,,,1473411976
57,,,,1473411976
58,,,,1473411976
59,,,,1473411976
60,,,,1473411977
61,,,,1473411977
62,,,,1473411977
63,,,,1473411977
64,,,,1473411978
65,,,,1473411978
66,,,,1473411978
67,,,,1473411979
68,,,,1473411979
69,,,,1473411979
70,,,,1473411979
71,,,,1473411979
72,,,,1473411980
73,,,,1473411980
74,,,,1473411980
75,,,,1473411980
76,,,,1473411981
77,,,,1473411981
78,,,,1473411982
79,,,,1473411982
80,,,,1473411982
81,,,,1473411982
82,,,,1473411982
83,,,,1473411983
84,,,,1473411983
85,,,,1473411983
86,,,,1473411983
87,,,,1473411983
88,,,,1473411984
89,,,,1473411984
90,,,,1473411984
91,,,,1473411985
92,,,,1473411985
93,,,,1473411985
94,,,,1473411985
95,,,,1473411986
96,,,,1473411986
97,,,,1473411986
98,,,,1473411987
99,,,,1473411987
100,,,,1473411987
101,,,,1473411987
102,,,,1473411988
103,,,,1473411988
104,,,,1473411988
105,,,,1473411988
106,,,,1473411988
107,,,,1473411989
108,,,,1473411989
109,,,,1473411989
110,,,,1473411990
111,,,,1473411990
112,,,,1473411990
113,,,,1473411990
114,,,,1473411990
115,,,,1473411991
116,,,,1473411991
117,,,,1473411991
118,,,,1473411991
119,,,,1473411991
120,,,,1473411992
121,,,,1473411992
122,,,,1473411992
123,,,,1473411992
124,,,,1473411993
125,,,,1473411993
126,,,,1473411993
127,,,,1473411994
128,,,,1473411994
129,,,,1473411994
130,,,,1473411995
131,,,,1473411995
132,,,,1473411995
133,,,,1473411996
134,,,,1473411996
135,,,,1473411996
136,,,,1473411996
137,,,,1473411996
138,,,,1473411996
139,,,,1473411997
140,,,,1473411997
141,,,,1473411997
142,,,,1473411998
143,,,,1473411998
144,,,,1473411998
145,,,,1473411998
146,,,,1473411999
147,,,,1473411999
148,,,,1473411999
149,,,,1473411999
150,,,,1473411999
151,,,,1473412000
152,,,,1473412000
153,,,,1473412000
154,,,,1473412000
155,,,,1473412000
156,,,,1473412001
157,,,,1473412001
158,,,,1473412002
159,,,,1473412002
160,,,,1473412002
161,,,,1473412002
162,,,,1473412002
163,,,,1473412002
164,,,,1473412003
165,,,,1473412003
166,,,,1473412003
167,,,,1473412004
168,,,,1473412004
169,,,,1473412005
170,,,,1473412005
171,,,,1473412005
172,,,,1473412005
173,,,,1473412005
174,,,,1473412006
175,,,,1473412006
176,,,,1473412006
177,,,,1473412006
178,,,,1473412006
179,,,,1473412006
180,,,,1473412007
181,,,,1473412007
182,,,,1473412007
183,,,,1473412008
184,,,,1473412008
185,,,,1473412008
186,,,,1473412008
187,,,,1473412008
188,,,,1473412009
189,,,,1473412009
190,,,,1473412009
191,,,,1473412010
192,,,,1473412010
193,,,,1473412010
194,,,,1473412010
195,,,,1473412010
196,,,,1473412011
197,,,,1473412011
198,,,,1473412012
199,,,,1473412012
200,,,,1473412012
201,,,,1473412012
202,,,,1473412012
203,,,,1473412012
204,,,,1473412013
205,,,,1473412013
206,,,,1473412013
207,,,,1473412014
208,,,,1473412014
209,,,,1473412014
210,,,,1473412014
211,,,,1473412015
212,,,,1473412015
213,,,,1473412015
214,,,,1473412015
215,,,,1473412016
216,,,,1473412016
217,,,,1473412016
218,,,,1473412016
219,,,,1473412017
220,,,,1473412017
221,,,,1473412017
222,,,,1473412017
223,,,,1473412018
224,,,,1473412018
225,,,,1473412018
226,,,,1473412018
227,,,,1473412019
228,,,,1473412019
229,,,,1473412019
230,,,,1473412019
231,,,,1473412020
232,,,,1473412020
233,,,,1473412021
234,,,,1473412021
235,,,,1473412021
236,,,,1473412021
237,,,,1473412021
238,,,,1473412021
239,,,,1473412021
240,,,,1473412022
241,,,,1473412023
242,,,,1473412023
243,,,,1473412023
244,,,,1473412023
245,,,,1473412023
246,,,,1473412023
247,,,,1473412024
248,,,,1473412024
249,,,,1473412024
250,,,,1473412025
251,,,,1473412025
252,,,,1473412025
253,,,,1473412025
254,,,,1473412025
255,,,,1473412025
256,,,,1473412026
257,,,,1473412026
258,,,,1473412026
259,,,,1473412026
260,,,,1473412027
261,,,,1473412027
262,,,,1473412027
263,,,,1473412027
264,,,,1473412028
265,,,,1473412028
266,,,,1473412028
267,,,,1473412028
268,,,,1473412029
269,,,,1473412029
270,,,,1473412029
271,,,,1473412030
272,,,,1473412030
273,,,,1473412030
274,,,,1473412030
275,,,,1473412030
276,,,,1473412031
277,,,,1473412031
278,,,,1473412032
279,,,,1473412032
280,,,,1473412032
281,,,,1473412032
282,,,,1473412033
283,,,,1473412033
284,,,,1473412033
285,,,,1473412033
286,,,,1473412033
287,,,,1473412033
288,,,,1473412034
289,,,,1473412034
290,,,,1473412034
291,,,,1473412035
292,,,,1473412035
293,,,,1473412035
294,,,,1473412035
295,,,,1473412036
296,,,,1473412036
297,,,,1473412036
298,,,,1473412036
299,,,,1473412037
300,,,,1473412037
301,,,,1473412037
302,,,,1473412037
303,,,,1473412038
304,,,,1473412038
305,,,,1473412038
306,,,,1473412039
307,,,,1473412039
308,,,,1473412039
309,,,,1473412039
310,,,,1473412039
311,,,,1473412040
312,,,,1473412040
313,,,,1473412040
314,,,,1473412040
315,,,,1473412040
316,,,,1473412041
317,,,,1473412042
318,,,,1473412042
319,,,,1473412042
320,,,,1473412042
321,,,,1473412042
322,,,,1473412043
323,,,,1473412043
324,,,,1473412043
325,,,,1473412043
326,,,,1473412043
327,,,,1473412043
328,,,,1473412044
329,,,,1473412044
330,,,,1473412044
331,,,,1473412045
332,,,,1473412045
333,,,,1473412045
334,,,,1473412046
335,,,,1473412046
336,,,,1473412046
337,,,,1473412046
338,,,,1473412046
339,,,,1473412046
340,,,,1473412047
341,,,,1473412047
342,,,,1473412047
343,,,,1473412048
344,,,,1473412048
345,,,,1473412048
346,,,,1473412048
347,,,,1473412049
348,,,,1473412049
349,,,,1473412049
350,,,,1473412050
351,,,,1473412050
352,,,,1473412050
353,,,,1473412050
354,,,,1473412051
355,,,,1473412051
356,,,,1473412051
357,,,,1473412051
358,,,,1473412052
359,,,,1473412052
360,,,,1473412052
361,,,,1473412052
362,,,,1473412052
363,,,,1473412053
364,,,,1473412053
365,,,,1473412053
366,,,,1473412054
367,,,,1473412054
368,,,,1473412054
369,,,,1473412054
370,,,,1473412054
371,,,,1473412055
372,,,,1473412055
373,,,,1473412055
374,,,,1473412055
375,,,,1473412056
376,,,,1473412056
377,,,,1473412056
378,,,,1473412057
379,,,,1473412057
380,,,,1473412057
381,,,,1473412057
382,,,,1473412058
383,,,,1473412058
384,,,,1473412058
385,,,,1473412059
386,,,,1473412059
387,,,,1473412059
388,,,,1473412059
389,,,,1473412059
390,,,,1473412059
391,,,,1473412060
392,,,,1473412060
393,,,,1473412060
394,,,,1473412060
395,,,,1473412061
396,,,,1473412061
397,,,,1473412062
398,,,,1473412062
399,,,,1473412062
400,,,,1473412062
401,,,,1473412062
402,,,,1473412063
403,,,,1473412063
404,,,,1473412064
405,,,,1473412064
406,,,,1473412064
407,,,,1473412064
408,,,,1473412064
409,,,,1473412064
410,,,,1473412065
411,,,,1473412065
412,,,,1473412065
413,,,,1473412066
414,,,,1473412066
415,,,,1473412066
416,,,,1473412067
417,,,,1473412067
418,,,,1473412067
419,,,,1473412067
420,,,,1473412067
421,,,,1473412068
422,,,,1473412068
423,,,,1473412068
424,,,,1473412068
425,,,,1473412068
426,,,,1473412068
427,,,,1473412069
428,,,,1473412069
429,,,,1473412069
430,,,,1473412070
431,,,,1473412070
432,,,,1473412070
433,,,,1473412071
434,,,,1473412071
435,,,,1473412071
436,,,,1473412071
437,,,,1473412071
438,,,,1473412072
439,,,,1473412072
440,,,,1473412072
441,,,,1473412072
442,,,,1473412073
443,,,,1473412073
444,,,,1473412073
445,,,,1473412074
446,,,,1473412074
447,,,,1473412074
448,,,,1473412074
449,,,,1473412075
450,,,,1473412075
451,,,,1473412075
452,,,,1473412075
453,,,,1473412076
454,,,,1473412076
455,,,,1473412076
456,,,,1473412076
457,,,,1473412076
458,,,,1473412077
459,,,,1473412077
460,,,,1473412077
461,,,,1473412077
462,,,,1473412077
463,,,,1473412078
464,,,,1473412078
465,,,,1473412078
466,,,,1473412079
467,,,,1473412079
468,,,,1473412079
469,,,,1473412080
470,,,,1473412080
471,,,,1473412080
472,,,,1473412080
473,,,,1473412080
474,,,,1473412080
475,,,,1473412081
476,,,,1473412081
477,,,,1473412081
478,,,,1473412082
479,,,,1473412082
480,,,,1473412083
481,,,,1473412083
482,,,,1473412083
483,,,,1473412083
484,,,,1473412083
485,,,,1473412084
486,,,,1473412084
487,,,,1473412084
488,,,,1473412084
489,,,,1473412085
490,,,,1473412085
491,,,,1473412085
492,,,,1473412085
493,,,,1473412085
494,,,,1473412085
495,,,,1473412086
496,,,,1473412086
497,,,,1473412086
498,,,,1473412086
499,,,,1473412087
500,,,,1473412087
501,,,,1473412087
502,,,,1473412088
503,,,,1473412088
504,,,,1473412088
505,,,,1473412088
506,,,,1473412088
507,,,,1473412089
508,,,,1473412089
509,,,,1473412089
510,,,,1473412090
511,,,,1473412090
512,,,,1473412090
513,,,,1473412090
514,,,,1473412091
515,,,,1473412091
516,,,,1473412091
517,,,,1473412091
518,,,,1473412092
519,,,,1473412092
520,,,,1473412093
521,,,,1473412093
522,,,,1473412093
523,,,,1473412093
524,,,,1473412094
525,,,,1473412094
526,,,,1473412094
527,,,,1473412094
528,,,,1473412094
529,,,,1473412094
530,,,,1473412095
531,,,,1473412095
532,,,,1473412095
533,,,,1473412096
534,,,,1473412096
535,,,,1473412096
536,,,,1473412096
537,,,,1473412097
538,,,,1473412097
539,,,,1473412097
540,,,,1473412098
541,,,,1473412098
542,,,,1473412098
543,,,,1473412099
544,,,,1473412099
545,,,,1473412099
546,,,,1473412099
547,,,,1473412099
548,,,,1473412099
549,,,,1473412100
550,,,,1473412100
551,,,,1473412100
552,,,,1473412101
553,,,,1473412101
554,,,,1473412102
555,,,,1473412102
556,,,,1473412102
557,,,,1473412102
558,,,,1473412102
559,,,,1473412102
560,,,,1473412102
561,,,,1473412103
562,,,,1473412103
563,,,,1473412104
564,,,,1473412104
565,,,,1473412104
566,,,,1473412104
567,,,,1473412104
568,,,,1473412105
569,,,,1473412105
570,,,,1473412105
571,,,,1473412105
572,,,,1473412106
573,,,,1473412106
574,,,,1473412106
575,,,,1473412106
576,,,,1473412107
577,,,,1473412107
578,,,,1473412107
579,,,,1473412108
580,,,,1473412108
581,,,,1473412108
582,,,,1473412109
583,,,,1473412109
584,,,,1473412109
585,,,,1473412109
586,,,,1473412109
587,,,,1473412109
588,,,,1473412109
589,,,,1473412110
590,,,,1473412110
591,,,,1473412110
592,,,,1473412111
593,,,,1473412111
594,,,,1473412111
595,,,,1473412111
596,,,,1473412111
597,,,,1473412112
598,,,,1473412112
599,,,,1473412112
600,,,,1473412113
601,,,,1473412113
602,,,,1473412114
603,,,,1473412114
604,,,,1473412114
605,,,,1473412114
606,,,,1473412114
607,,,,1473412114
608,,,,1473412115
609,,,,1473412115
610,,,,1473412115
611,,,,1473412115
612,,,,1473412116
613,,,,1473412116
614,,,,1473412116
615,,,,1473412117
616,,,,1473412117
617,,,,1473412117
618,,,,1473412117
619,,,,1473412117
620,,,,1473412117
621,,,,1473412118
622,,,,1473412118
623,,,,1473412119
624,,,,1473412119
625,,,,1473412119
626,,,,1473412119
627,,,,1473412119
628,,,,1473412120
629,,,,1473412120
630,,,,1473412120
631,,,,1473412120
632,,,,1473412120
633,,,,1473412121
634,,,,1473412121
635,,,,1473412122
636,,,,1473412122
637,,,,1473412122
638,,,,1473412122
639,,,,1473412122
640,,,,1473412123
641,,,,1473412123
642,,,,1473412123
643,,,,1473412123
644,,,,1473412124
645,,,,1473412124
646,,,,1473412124
647,,,,1473412124
648,,,,1473412125
649,,,,1473412125
650,,,,1473412125
651,,,,1473412125
652,,,,1473412125
653,,,,1473412126
654,,,,1473412126
655,,,,1473412127
656,,,,1473412127
657,,,,1473412127
658,,,,1473412127
659,,,,1473412127
660,,,,1473412128
661,,,,1473412128
662,,,,1473412128
663,,,,1473412128
664,,,,1473412129
665,,,,1473412129
666,,,,1473412129
667,,,,1473412129
668,,,,1473412129
669,,,,1473412130
670,,,,1473412130
671,,,,1473412130
672,,,,1473412130
673,,,,1473412131
674,,,,1473412131
675,,,,1473412131
676,,,,1473412132
677,,,,1473412132
678,,,,1473412132
679,,,,1473412132
680,,,,1473412133
681,,,,1473412133
682,,,,1473412133
683,,,,1473412133
684,,,,1473412133
685,,,,1473412134
686,,,,1473412134
687,,,,1473412134
688,,,,1473412135
689,,,,1473412135
690,,,,1473412135
691,,,,1473412135
692,,,,1473412135
693,,,,1473412136
694,,,,1473412136
695,,,,1473412137
696,,,,1473412137
697,,,,1473412137
698,,,,1473412137
699,,,,1473412137
700,,,,1473412138
701,,,,1473412138
702,,,,1473412138
703,,,,1473412139
704,,,,1473412139
705,,,,1473412139
706,,,,1473412139
707,,,,1473412140
708,,,,1473412140
709,,,,1473412140
710,,,,1473412140
711,,,,1473412140
712,,,,1473412140
713,,,,1473412141
714,,,,1473412141
715,,,,1473412141
716,,,,1473412141
717,,,,1473412142
718,,,,1473412142
719,,,,1473412142
720,,,,1473412142
721,,,,1473412143
722,,,,1473412143
723,,,,1473412143
724,,,,1473412144
725,,,,1473412144
726,,,,1473412144
727,,,,1473412144
728,,,,1473412144
729,,,,1473412145
730,,,,1473412145
731,,,,1473412145
732,,,,1473412145
733,,,,1473412146
734,,,,1473412146
735,,,,1473412146
736,,,,1473412146
737,,,,1473412147
738,,,,1473412147
739,,,,1473412147
740,,,,1473412147
741,,,,1473412148
742,,,,1473412148
743,,,,1473412149
744,,,,1473412149
745,,,,1473412149
746,,,,1473412149
747,,,,1473412149
748,,,,1473412150
749,,,,1473412150
750,,,,1473412150
751,,,,1473412150
752,,,,1473412151
753,,,,1473412151
754,,,,1473412151
755,,,,1473412151
756,,,,1473412152
757,,,,1473412152
758,,,,1473412152
759,,,,1473412152
760,,,,1473412153
761,,,,1473412153
762,,,,1473412154
763,,,,1473412154
764,,,,1473412154
765,,,,1473412154
766,,,,1473412154
767,,,,1473412154
768,,,,1473412155
769,,,,1473412155
770,,,,1473412155
771,,,,1473412156
772,,,,1473412156
773,,,,1473412156
774,,,,1473412156
775,,,,1473412157
776,,,,1473412157
777,,,,1473412157
778,,,,1473412157
779,,,,1473412157
780,,,,1473412158
781,,,,1473412158
782,,,,1473412158
783,,,,1473412159
784,,,,1473412159
785,,,,1473412159
786,,,,1473412159
787,,,,1473412160
788,,,,1473412160
789,,,,1473412160
790,,,,1473412160
791,,,,1473412160
792,,,,1473412160
793,,,,1473412161
794,,,,1473412161
795,,,,1473412161
796,,,,1473412162
797,,,,1473412162
798,,,,1473412162
799,,,,1473412162
800,,,,1473412162
801,,,,1473412163
802,,,,1473412163
803,,,,1473412164
804,,,,1473412164
805,,,,1473412164
806,,,,1473412164
807,,,,1473412165
808,,,,1473412165
809,,,,1473412165
810,,,,1473412165
811,,,,1473412166
812,,,,1473412166
813,,,,1473412166
814,,,,1473412166
815,,,,1473412166
816,,,,1473412167
817,,,,1473412167
818,,,,1473412167
819,,,,1473412167
820,,,,1473412168
821,,,,1473412168
822,,,,1473412168
823,,,,1473412168
824,,,,1473412169
825,,,,1473412169
826,,,,1473412169
827,,,,1473412169
828,,,,1473412170
829,,,,1473412170
830,,,,1473412170
831,,,,1473412171
832,,,,1473412171
833,,,,1473412171
834,,,,1473412171
835,,,,1473412171
836,,,,1473412172
837,,,,1473412172
838,,,,1473412172
839,,,,1473412173
840,,,,1473412173
841,,,,1473412173
842,,,,1473412173
843,,,,1473412174
844,,,,1473412174
845,,,,1473412174
846,,,,1473412174
847,,,,1473412174
848,,,,1473412175
849,,,,1473412175
850,,,,1473412175
851,,,,1473412176
852,,,,1473412176
853,,,,1473412176
854,,,,1473412176
855,,,,1473412177
856,,,,1473412177
857,,,,1473412177
858,,,,1473412177
859,,,,1473412177
860,,,,1473412178
861,,,,1473412178
862,,,,1473412178
863,,,,1473412179
864,,,,1473412179
865,,,,1473412179
866,,,,1473412180
867,,,,1473412180
868,,,,1473412180
869,,,,1473412180
870,,,,1473412180
871,,,,1473412181
872,,,,1473412181
873,,,,1473412181
874,,,,1473412181
875,,,,1473412181
876,,,,1473412182
877,,,,1473412182
878,,,,1473412182
879,,,,1473412183
880,,,,1473412183
881,,,,1473412183
882,,,,1473412183
883,,,,1473412183
884,,,,1473412184
885,,,,1473412184
886,,,,1473412184
887,,,,1473412185
888,,,,1473412185
889,,,,1473412186
890,,,,1473412186
891,,,,1473412186
892,,,,1473412186
893,,,,1473412186
894,,,,1473412186
895,,,,1473412187
896,,,,1473412187
897,,,,1473412187
898,,,,1473412187
899,,,,1473412187
900,,,,1473412188
901,,,,1473412188
902,,,,1473412189
903,,,,1473412189
904,,,,1473412190
905,,,,1473412190
906,,,,1473412190
907,,,,1473412190
908,,,,1473412190
909,,,,1473412190
910,,,,1473412190
911,,,,1473412191
912,,,,1473412191
913,,,,1473412191
914,,,,1473412191
915,,,,1473412192
916,,,,1473412192
917,,,,1473412192
918,,,,1473412192
919,,,,1473412192
920,,,,1473412193
921,,,,1473412193
922,,,,1473412193
923,,,,1473412194
924,,,,1473412194
925,,,,1473412194
926,,,,1473412194
927,,,,1473412194
928,,,,1473412195
929,,,,1473412195
930,,,,1473412196
931,,,,1473412196
932,,,,1473412196
933,,,,1473412196
934,,,,1473412196
935,,,,1473412197
936,,,,1473412197
937,,,,1473412197
938,,,,1473412197
939,,,,1473412198
940,,,,1473412198
941,,,,1473412199
942,,,,1473412199
943,,,,1473412199
944,,,,1473412199
945,,,,1473412199
946,,,,1473412200
947,,,,1473412200
948,,,,1473412200
949,,,,1473412200
950,,,,1473412200
951,,,,1473412200
952,,,,1473412201
953,,,,1473412201
954,,,,1473412201
955,,,,1473412202
956,,,,1473412202
957,,,,1473412202
958,,,,1473412202
959,,,,1473412202
960,,,,1473412203
961,,,,1473412203
962,,,,1473412203
963,,,,1473412204
964,,,,1473412204
965,,,,1473412204
966,,,,1473412205
967,,,,1473412205
968,,,,1473412205
969,,,,1473412205
970,,,,1473412206
971,,,,1473412206
972,,,,1473412206
973,,,,1473412207
974,,,,1473412207
975,,,,1473412207
976,,,,1473412208
977,,,,1473412208
978,,,,1473412208
979,,,,1473412208
980,,,,1473412208
981,,,,1473412208
982,,,,1473412208
983,,,,1473412209
984,,,,1473412210
985,,,,1473412210
986,,,,1473412210
987,,,,1473412210
988,,,,1473412210
989,,,,1473412210
990,,,,1473412211
991,,,,1473412211
992,,,,1473412212
993,,,,1473412212
994,,,,1473412212
995,,,,1473412212
996,,,,1473412212
997,,,,1473412212
998,,,,1473412213
999,,,,1473412213
1000,,,,1473412213
1001,,,,1473412213
1002,,,,1473412213
1003,,,,1473412214
1004,,,,1473412214
1005,,,,1473412215
1006,,,,1473412215
1007,,,,1473412215
1008,,,,1473412215
1009,,,,1473412215
1010,,,,1473412216
1011,,,,1473412216
1012,,,,1473412216
1013,,,,1473412216
1014,,,,1473412216
1015,,,,1473412217
1016,,,,1473412217
1017,,,,1473412217
1018,,,,1473412218
1019,,,,1473412218
1020,,,,1473412218
1021,,,,1473412218
1022,,,,1473412218
1023,,,,1473412219
1024,,,,1473412219
1025,,,,1473412219
1026,,,,1473412219
1027,,,,1473412220
1028,,,,1473412220
1029,,,,1473412221
1030,,,,1473412221
1031,,,,1473412221
1032,,,,1473412221
1033,,,,1473412221
1034,,,,1473412222
1035,,,,1473412222
1036,,,,1473412222
1037,,,,1473412222
1038,,,,1473412222
1039,,,,1473412223
1040,,,,1473412223
1041,,,,1473412224
1042,,,,1473412224
1043,,,,1473412224
1044,,,,1473412224
1045,,,,1473412225
1046,,,,1473412225
1047,,,,1473412225
1048,,,,1473412225
1049,,,,1473412226
1050,,,,1473412226
1051,,,,1473412226
1052,,,,1473412226
1053,,,,1473412226
1054,,,,1473412227
1055,,,,1473412227
1056,,,,1473412227
1057,,,,1473412227
1058,,,,1473412228
1059,,,,1473412228
1060,,,,1473412229
1061,,,,1473412229
1062,,,,1473412229
1063,,,,1473412229
1064,,,,1473412229
1065,,,,1473412229
1066,,,,1473412229
1067,,,,1473412230
1068,,,,1473412230
1069,,,,1473412230
1070,,,,1473412230
1071,,,,1473412231
1072,,,,1473412231
1073,,,,1473412231
1074,,,,1473412231
1075,,,,1473412232
1076,,,,1473412232
1077,,,,1473412233
1078,,,,1473412233
1079,,,,1473412233
1080,,,,1473412233
1081,,,,1473412233
1082,,,,1473412233
1083,,,,1473412234
1084,,,,1473412234
1085,,,,1473412234
1086,,,,1473412235
1087,,,,1473412235
1088,,,,1473412235
1089,,,,1473412236
1090,,,,1473412236
1091,,,,1473412236
1092,,,,1473412236
1093,,,,1473412237
1094,,,,1473412237
1095,,,,1473412237
1096,,,,1473412237
1097,,,,1473412237
1098,,,,1473412237
1099,,,,1473412238
1100,,,,1473412238
1101,,,,1473412238
1102,,,,1473412239
1103,,,,1473412239
1104,,,,1473412239
1105,,,,1473412239
1106,,,,1473412239
1107,,,,1473412240
1108,,,,1473412241
1109,,,,1473412241
1110,,,,1473412241
1111,,,,1473412241
1112,,,,1473412241
1113,,,,1473412241
1114,,,,1473412241
1115,,,,1473412242
1116,,,,1473412242
1117,,,,1473412242
1118,,,,1473412243
1119,,,,1473412243
1120,,,,1473412244
1121,,,,1473412244
1122,,,,1473412244
1123,,,,1473412244
1124,,,,1473412244
1125,,,,1473412244
1126,,,,1473412245
1127,,,,1473412245
1128,,,,1473412246
1129,,,,1473412246
1130,,,,1473412246
1131,,,,1473412246
1132,,,,1473412246
1133,,,,1473412247
1134,,,,1473412247
1135,,,,1473412247
1136,,,,1473412247
1137,,,,1473412248
1138,,,,1473412248
1139,,,,1473412248
1140,,,,1473412248
1141,,,,1473412248
1142,,,,1473412249
1143,,,,1473412249
1144,,,,1473412249
1145,,,,1473412249
1146,,,,1473412250
1147,,,,1473412250
1148,,,,1473412250
1149,,,,1473412251
1150,,,,1473412251
1151,,,,1473412251
1152,,,,1473412251
1153,,,,1473412252
1154,,,,1473412252
1155,,,,1473412252
1156,,,,1473412252
1157,,,,1473412253
1158,,,,1473412253
1159,,,,1473412253
1160,,,,1473412253
1161,,,,1473412253
1162,,,,1473412254
1163,,,,1473412255
1164,,,,1473412255
1165,,,,1473412255
1166,,,,1473412255
1167,,,,1473412255
1168,,,,1473412256
1169,,,,1473412256
1170,,,,1473412256
1171,,,,1473412256
1172,,,,1473412257
1173,,,,1473412257
1174,,,,1473412257
1175,,,,1473412257
1176,,,,1473412257
1177,,,,1473412258
1178,,,,1473412258
1179,,,,1473412258
1180,,,,1473412258
1181,,,,1473412259
1182,,,,1473412260
1183,,,,1473412260
1184,,,,1473412260
1185,,,,1473412260
1186,,,,1473412260
1187,,,,1473412260
1188,,,,1473412260
1189,,,,1473412261
1190,,,,1473412261
1191,,,,1473412261
1192,,,,1473412261
1193,,,,1473412261
1194,,,,1473412262
1195,,,,1473412262
1196,,,,1473412262
1197,,,,1473412263
1198,,,,1473412263
1199,,,,1473412263
1200,,,,1473412264
1201,,,,1473412264
1202,,,,1473412264
1203,,,,1473412264
1204,,,,1473412264
1205,,,,1473412265
1206,,,,1473412265
1207,,,,1473412265
1208,,,,1473412265
1209,,,,1473412266
1210,,,,1473412266
1211,,,,1473412266
1212,,,,1473412266
1213,,,,1473412267
1214,,,,1473412267
1215,,,,1473412268
1216,,,,1473412268
1217,,,,1473412268
1218,,,,1473412268
1219,,,,1473412268
1220,,,,1473412268
1221,,,,1473412268
1222,,,,1473412269
1223,,,,1473412269
1224,,,,1473412269
1225,,,,1473412270
1226,,,,1473412270
1227,,,,1473412270
1228,,,,1473412271
1229,,,,1473412271
1230,,,,1473412271
1231,,,,1473412271
1232,,,,1473412272
1233,,,,1473412272
1234,,,,1473412272
1235,,,,1473412272
1236,,,,1473412273
1237,,,,1473412273
1238,,,,1473412273
1239,,,,1473412273
1240,,,,1473412273
1241,,,,1473412273
1242,,,,1473412274
1243,,,,1473412274
1244,,,,1473412275
1245,,,,1473412275
1246,,,,1473412275
1247,,,,1473412275
1248,,,,1473412275
1249,,,,1473412276
1250,,,,1473412276
1251,,,,1473412276
1252,,,,1473412276
1253,,,,1473412277
1254,,,,1473412277
1255,,,,1473412277
1256,,,,1473412277
1257,,,,1473412278
1258,,,,1473412278
1259,,,,1473412278
1260,,,,1473412279
1261,,,,1473412279
1262,,,,1473412279
1263,,,,1473412280
1264,,,,1473412280
1265,,,,1473412280
1266,,,,1473412280
1267,,,,1473412280
1268,,,,1473412280
1269,,,,1473412281
1270,,,,1473412281
1271,,,,1473412282
1272,,,,1473412282
1273,,,,1473412282
1274,,,,1473412282
1275,,,,1473412282
1276,,,,1473412283
1277,,,,1473412283
1278,,,,1473412283
1279,,,,1473412283
1280,,,,1473412284
1281,,,,1473412284
1282,,,,1473412284
1283,,,,1473412284
1284,,,,1473412285
1285,,,,1473412285
1286,,,,1473412285
1287,,,,1473412285
1288,,,,1473412286
1289,,,,1473412286
1290,,,,1473412287
1291,,,,1473412287
1292,,,,1473412287
1293,,,,1473412287
1294,,,,1473412287
1295,,,,1473412288
1296,,,,1473412288
1297,,,,1473412288
1298,,,,1473412288
1299,,,,1473412288
1300,,,,1473412289
1301,,,,1473412289
1302,,,,1473412289
1303,,,,1473412289
1304,,,,1473412290
1305,,,,1473412290
1306,,,,1473412290
1307,,,,1473412290
1308,,,,1473412291
1309,,,,1473412291
1310,,,,1473412291
1311,,,,1473412291
1312,,,,1473412291
1313,,,,1473412292
1314,,,,1473412292
1315,,,,1473412292
1316,,,,1473412292
1317,,,,1473412293
1318,,,,1473412293
1319,,,,1473412293
1320,,,,1473412294
1321,,,,1473412294
1322,,,,1473412294
1323,,,,1473412294
1324,,,,1473412294
1325,,,,1473412295
1326,,,,1473412295
1327,,,,1473412295
1328,,,,1473412296
1329,,,,1473412296
1330,,,,1473412296
1331,,,,1473412296
1332,,,,1473412296
1333,,,,1473412297
1334,,,,1473412297
1335,,,,1473412297
1336,,,,1473412297
1337,,,,1473412298
1338,,,,1473412298
1339,,,,1473412298
1340,,,,1473412298
1341,,,,1473412299
1342,,,,1473412299
1343,,,,1473412299
1344,,,,1473412300
1345,,,,1473412300
1346,,,,1473412300
1347,,,,1473412300
1348,,,,1473412300
1349,,,,1473412301
1350,,,,1473412301
1351,,,,1473412301
1352,,,,1473412302
1353,,,,1473412302
1354,,,,1473412302
1355,,,,1473412303
1356,,,,1473412303
1357,,,,1473412303
1358,,,,1473412303
1359,,,,1473412303
1360,,,,1473412304
1361,,,,1473412304
1362,,,,1473412304
1363,,,,1473412304
1364,,,,1473412305
1365,,,,1473412305
1366,,,,1473412305
1367,,,,1473412305
1368,,,,1473412305
1369,,,,1473412306
1370,,,,1473412306
1371,,,,1473412306
1372,,,,1473412307
1373,,,,1473412307
1374,,,,1473412307
1375,,,,1473412307
1376,,,,1473412308
1377,,,,1473412308
1378,,,,1473412308
1379,,,,1473412308
1380,,,,1473412309
1381,,,,1473412309
1382,,,,1473412309
1383,,,,1473412309
1384,,,,1473412309
1385,,,,1473412310
1386,,,,1473412311
1387,,,,1473412311
1388,,,,1473412311
1389,,,,1473412311
1390,,,,1473412311
1391,,,,1473412311
1392,,,,1473412311
1393,,,,1473412312
1394,,,,1473412312
1395,,,,1473412313
1396,,,,1473412313
1397,,,,1473412313
1398,,,,1473412314
1399,,,,1473412314
1400,,,,1473412314
1401,,,,1473412314
1402,,,,1473412314
1403,,,,1473412315
1404,,,,1473412315
1405,,,,1473412315
1406,,,,1473412315
1407,,,,1473412315
1408,,,,1473412316
1409,,,,1473412316
1410,,,,1473412316
1411,,,,1473412317
1412,,,,1473412317
1413,,,,1473412317
1414,,,,1473412317
1415,,,,1473412318
1416,,,,1473412318
1417,,,,1473412318
1418,,,,1473412319
1419,,,,1473412319
1420,,,,1473412319
1421,,,,1473412319
1422,,,,1473412319
1423,,,,1473412319
1424,,,,1473412319
1425,,,,1473412320
1426,,,,1473412320
1427,,,,1473412320
1428,,,,1473412321
1429,,,,1473412321
1430,,,,1473412321
1431,,,,1473412321
1432,,,,1473412322
1433,,,,1473412322
1434,,,,1473412322
1435,,,,1473412322
1436,,,,1473412323
1437,,,,1473412323
1438,,,,1473412323
1439,,,,1473412323
1440,,,,1473412324
1441,,,,1473412324
1442,,,,1473412324
1443,,,,1473412325
1444,,,,1473412325
1445,,,,1473412325
1446,,,,1473412325
1447,,,,1473412326
1448,,,,1473412326
1449,,,,1473412326
1450,,,,1473412326
1451,,,,1473412326
1452,,,,1473412327
1453,,,,1473412327
1454,,,,1473412327
1455,,,,1473412327
1456,,,,1473412327
1457,,,,1473412328
1458,,,,1473412328
1459,,,,1473412328
1460,,,,1473412328
1461,,,,1473412329
1462,,,,1473412330
1463,,,,1473412330
1464,,,,1473412330
1465,,,,1473412330
1466,,,,1473412330
1467,,,,1473412331
1468,,,,1473412331
1469,,,,1473412331
1470,,,,1473412331
1471,,,,1473412331
1472,,,,1473412331
1473,,,,1473412332
1474,,,,1473412332
1475,,,,1473412332
1476,,,,1473412333
1477,,,,1473412333
1478,,,,1473412333
1479,,,,1473412334
1480,,,,1473412334
1481,,,,1473412334
1482,,,,1473412334
1483,,,,1473412335
1484,,,,1473412335
1485,,,,1473412335
1486,,,,1473412335
1487,,,,1473412335
1488,,,,1473412336
1489,,,,1473412336
1490,,,,1473412336
1491,,,,1473412336
1492,,,,1473412337
1493,,,,1473412337
1494,,,,1473412337
1495,,,,1473412337
1496,,,,1473412338
1497,,,,1473412338
1498,,,,1473412338
1499,,,,1473412338
1500,,,,1473412339
1501,,,,1473412339
1502,,,,1473412339
1503,,,,1473412339
1504,,,,1473412340
1505,,,,1473412340
1506,,,,1473412340
1507,,,,1473412340
1508,,,,1473412341
1509,,,,1473412341
1510,,,,1473412341
1511,,,,1473412341
1512,,,,1473412341
1513,,,,1473412342
1514,,,,1473412342
1515,,,,1473412342
1516,,,,1473412342
1517,,,,1473412343
1518,,,,1473412343
1519,,,,1473412343
1520,,,,1473412344
1521,,,,1473412344
1522,,,,1473412344
1523,,,,1473412345
1524,,,,1473412345
1525,,,,1473412345
1526,,,,1473412345
1527,,,,1473412345
1528,,,,1473412346
1529,,,,1473412346
1530,,,,1473412346
1531,,,,1473412346
1532,,,,1473412347
1533,,,,1473412347
1534,,,,1473412348
1535,,,,1473412348
1536,,,,1473412348
1537,,,,1473412348
1538,,,,1473412348
1539,,,,1473412349
1540,,,,1473412349
1541,,,,1473412349
1542,,,,1473412349
1543,,,,1473412349
1544,,,,1473412349
1545,,,,1473412350
1546,,,,1473412350
1547,,,,1473412351
1548,,,,1473412351
1549,,,,1473412351
1550,,,,1473412351
1551,,,,1473412352
1552,,,,1473412352
1553,,,,1473412352
1554,,,,1473412352
1555,,,,1473412353
1556,,,,1473412353
1557,,,,1473412353
1558,,,,1473412353
1559,,,,1473412353
1560,,,,1473412353
1561,,,,1473412354
1562,,,,1473412354
1563,,,,1473412354
1564,,,,1473412354
1565,,,,1473412355
1566,,,,1473412355
1567,,,,1473412355
1568,,,,1473412356
1569,,,,1473412356
1570,,,,1473412356
1571,,,,1473412356
1572,,,,1473412357
1573,,,,1473412357
1574,,,,1473412357
1575,,,,1473412357
1576,,,,1473412358
1577,,,,1473412358
1578,,,,1473412358
1579,,,,1473412358
1580,,,,1473412358
1581,,,,1473412359
1582,,,,1473412359
1583,,,,1473412360
1584,,,,1473412360
1585,,,,1473412360
1586,,,,1473412361
1587,,,,1473412361
1588,,,,1473412361
1589,,,,1473412361
1590,,,,1473412361
1591,,,,1473412362
1592,,,,1473412362
1593,,,,1473412362
1594,,,,1473412362
1595,,,,1473412362
1596,,,,1473412362
1597,,,,1473412363
1598,,,,1473412363
1599,,,,1473412363
1600,,,,1473412363
1601,,,,1473412364
1602,,,,1473412364
1603,,,,1473412365
1604,,,,1473412365
1605,,,,1473412365
1606,,,,1473412365
1607,,,,1473412365
1608,,,,1473412366
1609,,,,1473412366
1610,,,,1473412366
1611,,,,1473412366
1612,,,,1473412367
1613,,,,1473412367
1614,,,,1473412367
1615,,,,1473412368
1616,,,,1473412368
1617,,,,1473412368
1618,,,,1473412368
1619,,,,1473412368
1620,,,,1473412368
1621,,,,1473412369
1622,,,,1473412369
1623,,,,1473412369
1624,,,,1473412370
1625,,,,1473412370
1626,,,,1473412370
1627,,,,1473412370
1628,,,,1473412371
1629,,,,1473412371
1630,,,,1473412371
1631,,,,1473412371
1632,,,,1473412371
1633,,,,1473412372
1634,,,,1473412372
1635,,,,1473412372
1636,,,,1473412372
1637,,,,1473412373
1638,,,,1473412373
1639,,,,1473412373
1640,,,,1473412374
1641,,,,1473412374
1642,,,,1473412374
1643,,,,1473412374
1644,,,,1473412374
1645,,,,1473412375
1646,,,,1473412375
1647,,,,1473412375
1648,,,,1473412375
1649,,,,1473412376
1650,,,,1473412376
1651,,,,1473412376
1652,,,,1473412377
1653,,,,1473412377
1654,,,,1473412377
1655,,,,1473412378
1656,,,,1473412378
1657,,,,1473412378
1658,,,,1473412378
1659,,,,1473412379
1660,,,,1473412379
1661,,,,1473412379
1662,,,,1473412379
1663,,,,1473412379
1664,,,,1473412379
1665,,,,1473412380
1666,,,,1473412380
1667,,,,1473412380
1668,,,,1473412381
1669,,,,1473412381
1670,,,,1473412381
1671,,,,1473412382
1672,,,,1473412382
1673,,,,1473412382
1674,,,,1473412382
1675,,,,1473412383
1676,,,,1473412383
1677,,,,1473412383
1678,,,,1473412383
1679,,,,1473412383
1680,,,,1473412383
1681,,,,1473412384
1682,,,,1473412384
1683,,,,1473412384
1684,,,,1473412385
1685,,,,1473412385
1686,,,,1473412385
1687,,,,1473412385
1688,,,,1473412386
1689,,,,1473412386
1690,,,,1473412386
1691,,,,1473412387
1692,,,,1473412387
1693,,,,1473412387
1694,,,,1473412387
1695,,,,1473412387
1696,,,,1473412387
1697,,,,1473412388
1698,,,,1473412388
1699,,,,1473412388
1700,,,,1473412389
1701,,,,1473412389
1702,,,,1473412389
1703,,,,1473412390
1704,,,,1473412390
1705,,,,1473412390
1706,,,,1473412390
1707,,,,1473412390
1708,,,,1473412391
1709,,,,1473412391
1710,,,,1473412391
1711,,,,1473412391
1712,,,,1473412392
1713,,,,1473412392
1714,,,,1473412392
1715,,,,1473412392
1716,,,,1473412392
1717,,,,1473412393
1718,,,,1473412393
1719,,,,1473412393
1720,,,,1473412393
1721,,,,1473412394
1722,,,,1473412394
1723,,,,1473412394
1724,,,,1473412394
1725,,,,1473412395
1726,,,,1473412395
1727,,,,1473412395
1728,,,,1473412396
1729,,,,1473412396
1730,,,,1473412396
1731,,,,1473412396
1732,,,,1473412397
1733,,,,1473412397
1734,,,,1473412397
1735,,,,1473412397
1736,,,,1473412397
1737,,,,1473412398
1738,,,,1473412398
1739,,,,1473412398
1740,,,,1473412398
1741,,,,1473412399
1742,,,,1473412399
1743,,,,1473412400
1744,,,,1473412400
1745,,,,1473412400
1746,,,,1473412400
1747,,,,1473412400
1748,,,,1473412401
1749,,,,1473412401
1750,,,,1473412401
1751,,,,1473412402
1752,,,,1473412402
1753,,,,1473412402
1754,,,,1473412402
1755,,,,1473412402
1756,,,,1473412403
1757,,,,1473412403
1758,,,,1473412403
1759,,,,1473412404
1760,,,,1473412404
1761,,,,1473412404
1762,,,,1473412404
1763,,,,1473412404
1764,,,,1473412404
1765,,,,1473412405
1766,,,,1473412405
1767,,,,1473412405
1768,,,,1473412405
1769,,,,1473412406
1770,,,,1473412406
1771,,,,1473412406
1772,,,,1473412406
1773,,,,1473412407
1774,,,,1473412407
1775,,,,1473412407
1776,,,,1473412408
1777,,,,1473412408
1778,,,,1473412408
1779,,,,1473412408
1780,,,,1473412408
1781,,,,1473412409
1782,,,,1473412409
1783,,,,1473412409
1784,,,,1473412410
1785,,,,1473412410
1786,,,,1473412410
1787,,,,1473412410
1788,,,,1473412411
1789,,,,1473412411
1790,,,,1473412411
1791,,,,1473412411
1792,,,,1473412412
1793,,,,1473412412
1794,,,,1473412412
1795,,,,1473412412
1796,,,,1473412413
1797,,,,1473412413
1798,,,,1473412413
1799,,,,1473412414
1800,,,,1473412414
1801,,,,1473412414
1802,,,,1473412414
1803,,,,1473412414
1804,,,,1473412415
1805,,,,1473412415
1806,,,,1473412415
1807,,,,1473412415
1808,,,,1473412415
1809,,,,1473412416
1810,,,,1473412416
1811,,,,1473412416
1812,,,,1473412416
1813,,,,1473412417
1814,,,,1473412417
1815,,,,1473412417
1816,,,,1473412417
1817,,,,1473412418
1818,,,,1473412418
1819,,,,1473412418
1820,,,,1473412419
1821,,,,1473412419
1822,,,,1473412419
1823,,,,1473412420
1824,,,,1473412420
1825,,,,1473412420
1826,,,,1473412420
1827,,,,1473412420
1828,,,,1473412420
1829,,,,1473412421
1830,,,,1473412421
1831,,,,1473412421
1832,,,,1473412421
1833,,,,1473412422
1834,,,,1473412422
1835,,,,1473412423
1836,,,,1473412423
1837,,,,1473412423
1838,,,,1473412423
1839,,,,1473412424
1840,,,,1473412424
1841,,,,1473412424
1842,,,,1473412424
1843,,,,1473412424
1844,,,,1473412425
1845,,,,1473412425
1846,,,,1473412425
1847,,,,1473412425
1848,,,,1473412426
1849,,,,1473412426
1850,,,,1473412426
1851,,,,1473412426
1852,,,,1473412427
1853,,,,1473412427
1854,,,,1473412427
1855,,,,1473412428
1856,,,,1473412428
1857,,,,1473412428
1858,,,,1473412428
1859,,,,1473412428
1860,,,,1473412428
1861,,,,1473412429
1862,,,,1473412429
1863,,,,1473412430
1864,,,,1473412430
1865,,,,1473412430
1866,,,,1473412430
1867,,,,1473412430
1868,,,,1473412431
1869,,,,1473412432
1870,,,,1473412432
1871,,,,1473412432
1872,,,,1473412432
1873,,,,1473412432
1874,,,,1473412432
1875,,,,1473412433
1876,,,,1473412433
1877,,,,1473412433
1878,,,,1473412433
1879,,,,1473412434
1880,,,,1473412434
1881,,,,1473412434
1882,,,,1473412434
1883,,,,1473412434
1884,,,,1473412434
1885,,,,1473412435
1886,,,,1473412435
1887,,,,1473412435
1888,,,,1473412435
1889,,,,1473412436
1890,,,,1473412436
1891,,,,1473412436
1892,,,,1473412437
1893,,,,1473412437
1894,,,,1473412437
1895,,,,1473412437
1896,,,,1473412438
1897,,,,1473412438
1898,,,,1473412438
1899,,,,1473412439
1900,,,,1473412439
1901,,,,1473412439
1902,,,,1473412439
1903,,,,1473412439
1904,,,,1473412440
1905,,,,1473412440
1906,,,,1473412440
1907,,,,1473412441
1908,,,,1473412441
1909,,,,1473412441
1910,,,,1473412441
1911,,,,1473412441
1912,,,,1473412442
1913,,,,1473412442
1914,,,,1473412442
1915,,,,1473412442
1916,,,,1473412442
1917,,,,1473412443
1918,,,,1473412443
1919,,,,1473412443
1920,,,,1473412443
1921,,,,1473412444
1922,,,,1473412444
1923,,,,1473412444
1924,,,,1473412444
1925,,,,1473412445
1926,,,,1473412445
1927,,,,1473412445
1928,,,,1473412446
1929,,,,1473412446
1930,,,,1473412446
1931,,,,1473412446
1932,,,,1473412447
1933,,,,1473412447
1934,,,,1473412447
1935,,,,1473412447
1936,,,,1473412447
1937,,,,1473412448
1938,,,,1473412448
1939,,,,1473412448
1940,,,,1473412449
1941,,,,1473412449
1942,,,,1473412449
1943,,,,1473412450
1944,,,,1473412450
1945,,,,1473412450
1946,,,,1473412450
1947,,,,1473412450
1948,,,,1473412451
1949,,,,1473412451
1950,,,,1473412452
1951,,,,1473412452
1952,,,,1473412452
1953,,,,1473412452
1954,,,,1473412452
1955,,,,1473412452
1956,,,,1473412452
1957,,,,1473412453
1958,,,,1473412454
1959,,,,1473412454
1960,,,,1473412454
1961,,,,1473412454
1962,,,,1473412454
1963,,,,1473412455
1964,,,,1473412455
1965,,,,1473412455
1966,,,,1473412455
1967,,,,1473412455
1968,,,,1473412455
1969,,,,1473412456
1970,,,,1473412457
1971,,,,1473412457
1972,,,,1473412457
1973,,,,1473412457
1974,,,,1473412458
1975,,,,1473412458
1976,,,,1473412458
1977,,,,1473412458
1978,,,,1473412458
1979,,,,1473412458
1980,,,,1473412458
1981,,,,1473412459
1982,,,,1473412459
1983,,,,1473412459
1984,,,,1473412460
1985,,,,1473412460
1986,,,,1473412460
1987,,,,1473412460
1988,,,,1473412461
1989,,,,1473412461
1990,,,,1473412461
1991,,,,1473412461
1992,,,,1473412462
1993,,,,1473412462
1994,,,,1473412462
1995,,,,1473412463
1996,,,,1473412463
1997,,,,1473412463
1998,,,,1473412463
1999,,,,1473412463
2000,,,,1473412463
2001,,,,1473412464
2002,,,,1473412464
2003,,,,1473412465
2004,,,,1473412465
2005,,,,1473412465
2006,,,,1473412465
2007,,,,1473412465
2008,,,,1473412466
2009,,,,1473412466
2010,,,,1473412466
2011,,,,1473412466
2012,,,,1473412466
2013,,,,1473412467
2014,,,,1473412467
2015,,,,1473412467
2016,,,,1473412467
2017,,,,1473412468
2018,,,,1473412468
2019,,,,1473412468
2020,,,,1473412469
2021,,,,1473412469
2022,,,,1473412469
2023,,,,1473412469
2024,,,,1473412470
2025,,,,1473412470
2026,,,,1473412470
2027,,,,1473412470
2028,,,,1473412470
2029,,,,1473412471
2030,,,,1473412471
2031,,,,1473412471
2032,,,,1473412471
2033,,,,1473412472
2034,,,,1473412472
2035,,,,1473412472
2036,,,,1473412473
2037,,,,1473412473
2038,,,,1473412473
2039,,,,1473412474
2040,,,,1473412474
2041,,,,1473412474
2042,,,,1473412474
2043,,,,1473412474
2044,,,,1473412474
2045,,,,1473412475
2046,,,,1473412475
2047,,,,1473412475
2048,,,,1473412476
2049,,,,1473412476
2050,,,,1473412476
2051,,,,1473412476
2052,,,,1473412476
2053,,,,1473412477
2054,,,,1473412477
2055,,,,1473412477
2056,,,,1473412477
2057,,,,1473412478
2058,,,,1473412478
2059,,,,1473412479
2060,,,,1473412479
2061,,,,1473412479
2062,,,,1473412479
2063,,,,1473412479
2064,,,,1473412480
2065,,,,1473412480
2066,,,,1473412480
2067,,,,1473412480
2068,,,,1473412481
2069,,,,1473412481
2070,,,,1473412481
2071,,,,1473412481
2072,,,,1473412482
2073,,,,1473412482
2074,,,,1473412482
2075,,,,1473412482
2076,,,,1473412482
2077,,,,1473412483
2078,,,,1473412483
2079,,,,1473412483
2080,,,,1473412484
2081,,,,1473412484
2082,,,,1473412485
2083,,,,1473412485
2084,,,,1473412485
2085,,,,1473412485
2086,,,,1473412485
2087,,,,1473412485
2088,,,,1473412486
2089,,,,1473412486
2090,,,,1473412486
2091,,,,1473412486
2092,,,,1473412487
2093,,,,1473412487
2094,,,,1473412487
2095,,,,1473412487
2096,,,,1473412487
2097,,,,1473412488
2098,,,,1473412488
2099,,,,1473412488
2100,,,,1473412488
2101,,,,1473412489
2102,,,,1473412490
2103,,,,1473412490
2104,,,,1473412490
2105,,,,1473412490
2106,,,,1473412490
2107,,,,1473412491
2108,,,,1473412491
2109,,,,1473412491
2110,,,,1473412491
2111,,,,1473412492
2112,,,,1473412492
2113,,,,1473412492
2114,,,,1473412492
2115,,,,1473412492
2116,,,,1473412493
2117,,,,1473412493
2118,,,,1473412493
2119,,,,1473412493
2120,,,,1473412494
2121,,,,1473412494
2122,,,,1473412494
2123,,,,1473412495
2124,,,,1473412495
2125,,,,1473412495
2126,,,,1473412495
2127,,,,1473412495
2128,,,,1473412496
2129,,,,1473412496
2130,,,,1473412496
2131,,,,1473412496
2132,,,,1473412497
2133,,,,1473412497
2134,,,,1473412497
2135,,,,1473412498
2136,,,,1473412498
2137,,,,1473412498
2138,,,,1473412498
2139,,,,1473412498
2140,,,,1473412498
2141,,,,1473412499
2142,,,,1473412499
2143,,,,1473412500
2144,,,,1473412500
2145,,,,1473412500
2146,,,,1473412500
2147,,,,1473412500
2148,,,,1473412501
2149,,,,1473412501
2150,,,,1473412501
2151,,,,1473412501
2152,,,,1473412502
2153,,,,1473412502
2154,,,,1473412502
2155,,,,1473412502
2156,,,,1473412503
2157,,,,1473412503
2158,,,,1473412503
2159,,,,1473412503
2160,,,,1473412504
2161,,,,1473412504
2162,,,,1473412504
2163,,,,1473412504
2164,,,,1473412504
2165,,,,1473412505
2166,,,,1473412505
2167,,,,1473412505
2168,,,,1473412505
2169,,,,1473412506
2170,,,,1473412506
2171,,,,1473412506
2172,,,,1473412506
2173,,,,1473412507
2174,,,,1473412507
2175,,,,1473412507
2176,,,,1473412508
2177,,,,1473412508
2178,,,,1473412508
2179,,,,1473412508
2180,,,,1473412509
2181,,,,1473412509
2182,,,,1473412509
2183,,,,1473412510
2184,,,,1473412510
2185,,,,1473412510
2186,,,,1473412510
2187,,,,1473412510
2188,,,,1473412511
2189,,,,1473412511
2190,,,,1473412511
2191,,,,1473412511
2192,,,,1473412511
2193,,,,1473412512
2194,,,,1473412512
2195,,,,1473412512
2196,,,,1473412512
2197,,,,1473412513
2198,,,,1473412513
2199,,,,1473412513
2200,,,,1473412513
2201,,,,1473412514
2202,,,,1473412515
2203,,,,1473412515
2204,,,,1473412515
2205,,,,1473412515
2206,,,,1473412515
2207,,,,1473412515
2208,,,,1473412516
2209,,,,1473412516
2210,,,,1473412517
2211,,,,1473412517
2212,,,,1473412517
2213,,,,1473412517
2214,,,,1473412517
2215,,,,1473412517
2216,,,,1473412517
2217,,,,1473412518
2218,,,,1473412518
2219,,,,1473412518
2220,,,,1473412518
2221,,,,1473412519
2222,,,,1473412519
2223,,,,1473412519
2224,,,,1473412520
2225,,,,1473412520
2226,,,,1473412520
2227,,,,1473412521
2228,,,,1473412521
2229,,,,1473412521
2230,,,,1473412521
2231,,,,1473412521
2232,,,,1473412522
2233,,,,1473412522
2234,,,,1473412522
2235,,,,1473412523
2236,,,,1473412523
2237,,,,1473412523
2238,,,,1473412523
2239,,,,1473412523
2240,,,,1473412524
2241,,,,1473412524
2242,,,,1473412524
2243,,,,1473412524
2244,,,,1473412525
2245,,,,1473412525
2246,,,,1473412525
2247,,,,1473412525
2248,,,,1473412526
2249,,,,1473412526
2250,,,,1473412527
2251,,,,1473412527
2252,,,,1473412527
2253,,,,1473412527
2254,,,,1473412527
2255,,,,1473412528
2256,,,,1473412528
2257,,,,1473412528
2258,,,,1473412528
2259,,,,1473412528
2260,,,,1473412528
2261,,,,1473412529
2262,,,,1473412529
2263,,,,1473412530
2264,,,,1473412530
2265,,,,1473412530
2266,,,,1473412530
2267,,,,1473412530
2268,,,,1473412530
2269,,,,1473412531
2270,,,,1473412531
2271,,,,1473412531
2272,,,,1473412531
2273,,,,1473412532
2274,,,,1473412532
2275,,,,1473412532
2276,,,,1473412533
2277,,,,1473412533
2278,,,,1473412533
2279,,,,1473412533
2280,,,,1473412534
2281,,,,1473412534
2282,,,,1473412534
2283,,,,1473412534
2284,,,,1473412535
2285,,,,1473412535
2286,,,,1473412535
2287,,,,1473412535
2288,,,,1473412536
2289,,,,1473412536
2290,,,,1473412536
2291,,,,1473412536
2292,,,,1473412536
2293,,,,1473412537
2294,,,,1473412537
2295,,,,1473412538
2296,,,,1473412538
2297,,,,1473412538
2298,,,,1473412538
2299,,,,1473412538
2300,,,,1473412539
2301,,,,1473412539
2302,,,,1473412539
2303,,,,1473412539
2304,,,,1473412540
2305,,,,1473412540
2306,,,,1473412540
2307,,,,1473412541
2308,,,,1473412541
2309,,,,1473412541
2310,,,,1473412541
2311,,,,1473412541
2312,,,,1473412541
2313,,,,1473412542
2314,,,,1473412542
2315,,,,1473412543
2316,,,,1473412543
2317,,,,1473412543
2318,,,,1473412543
2319,,,,1473412543
2320,,,,1473412543
2321,,,,1473412544
2322,,,,1473412544
2323,,,,1473412544
2324,,,,1473412545
2325,,,,1473412545
2326,,,,1473412545
2327,,,,1473412545
2328,,,,1473412545
2329,,,,1473412546
2330,,,,1473412546
2331,,,,1473412546
2332,,,,1473412547
2333,,,,1473412547
2334,,,,1473412547
2335,,,,1473412548
2336,,,,1473412548
2337,,,,1473412548
2338,,,,1473412548
2339,,,,1473412548
2340,,,,1473412549
2341,,,,1473412549
2342,,,,1473412549
2343,,,,1473412549
2344,,,,1473412549
2345,,,,1473412550
2346,,,,1473412551
2347,,,,1473412551
2348,,,,1473412551
2349,,,,1473412551
2350,,,,1473412551
2351,,,,1473412551
2352,,,,1473412552
2353,,,,1473412552
2354,,,,1473412552
2355,,,,1473412553
2356,,,,1473412553
2357,,,,1473412553
2358,,,,1473412553
2359,,,,1473412553
2360,,,,1473412554
2361,,,,1473412554
2362,,,,1473412555
2363,,,,1473412555
2364,,,,1473412555
2365,,,,1473412555
2366,,,,1473412555
2367,,,,1473412555
2368,,,,1473412556
2369,,,,1473412556
2370,,,,1473412556
2371,,,,1473412557
2372,,,,1473412557
2373,,,,1473412557
2374,,,,1473412557
2375,,,,1473412557
2376,,,,1473412558
2377,,,,1473412558
2378,,,,1473412558
2379,,,,1473412558
2380,,,,1473412559
2381,,,,1473412559
2382,,,,1473412559
2383,,,,1473412559
2384,,,,1473412560
2385,,,,1473412560
2386,,,,1473412560
2387,,,,1473412561
2388,,,,1473412561
2389,,,,1473412561
2390,,,,1473412561
2391,,,,1473412561
2392,,,,1473412562
2393,,,,1473412562
2394,,,,1473412562
2395,,,,1473412563
2396,,,,1473412563
2397,,,,1473412563
2398,,,,1473412563
2399,,,,1473412563
2400,,,,1473412564
2401,,,,1473412564
2402,,,,1473412565
2403,,,,1473412565
2404,,,,1473412565
2405,,,,1473412565
2406,,,,1473412565
2407,,,,1473412566
2408,,,,1473412566
2409,,,,1473412566
2410,,,,1473412567
2411,,,,1473412567
2412,,,,1473412567
2413,,,,1473412567
2414,,,,1473412567
2415,,,,1473412568
2416,,,,1473412568
2417,,,,1473412568
2418,,,,1473412568
2419,,,,1473412568
2420,,,,1473412569
2421,,,,1473412569
2422,,,,1473412570
2423,,,,1473412570
2424,,,,1473412570
2425,,,,1473412570
2426,,,,1473412571
2427,,,,1473412571
2428,,,,1473412571
2429,,,,1473412571
2430,,,,1473412571
2431,,,,1473412571
2432,,,,1473412572
2433,,,,1473412572
2434,,,,1473412572
2435,,,,1473412573
2436,,,,1473412573
2437,,,,1473412574
2438,,,,1473412574
2439,,,,1473412574
2440,,,,1473412574
2441,,,,1473412574
2442,,,,1473412574
2443,,,,1473412575
2444,,,,1473412575
2445,,,,1473412575
2446,,,,1473412576
2447,,,,1473412576
2448,,,,1473412576
2449,,,,1473412576
2450,,,,1473412576
2451,,,,1473412577
2452,,,,1473412577
2453,,,,1473412577
2454,,,,1473412577
2455,,,,1473412578
2456,,,,1473412578
2457,,,,1473412578
2458,,,,1473412578
2459,,,,1473412579
2460,,,,1473412579
2461,,,,1473412579
2462,,,,1473412579
2463,,,,1473412580
2464,,,,1473412580
2465,,,,1473412580
2466,,,,1473412581
2467,,,,1473412581
2468,,,,1473412581
2469,,,,1473412581
2470,,,,1473412581
2471,,,,1473412582
2472,,,,1473412582
2473,,,,1473412582
2474,,,,1473412582
2475,,,,1473412583
2476,,,,1473412583
2477,,,,1473412583
2478,,,,1473412583
2479,,,,1473412583
2480,,,,1473412584
2481,,,,1473412585
2482,,,,1473412585
2483,,,,1473412585
2484,,,,1473412585
2485,,,,1473412585
2486,,,,1473412585
2487,,,,1473412586
2488,,,,1473412586
2489,,,,1473412586
2490,,,,1473412587
2491,,,,1473412587
2492,,,,1473412587
2493,,,,1473412587
2494,,,,1473412587
2495,,,,1473412588
2496,,,,1473412588
2497,,,,1473412588
2498,,,,1473412588
2499,,,,1473412589
2500,,,,1473412589
2501,,,,1473412589
2502,,,,1473412589
2503,,,,1473412590
2504,,,,1473412590
2505,,,,1473412590
2506,,,,1473412591
2507,,,,1473412591
2508,,,,1473412591
2509,,,,1473412591
2510,,,,1473412591
2511,,,,1473412591
2512,,,,1473412592
2513,,,,1473412592
2514,,,,1473412592
2515,,,,1473412592
2516,,,,1473412593
2517,,,,1473412594
2518,,,,1473412594
2519,,,,1473412594
2520,,,,1473412594
2521,,,,1473412594
2522,,,,1473412594
2523,,,,1473412595
2524,,,,1473412595
2525,,,,1473412595
2526,,,,1473412596
2527,,,,1473412596
2528,,,,1473412596
2529,,,,1473412596
2530,,,,1473412596
2531,,,,1473412596
2532,,,,1473412597
2533,,,,1473412597
2534,,,,1473412597
2535,,,,1473412597
2536,,,,1473412598
2537,,,,1473412598
2538,,,,1473412599
2539,,,,1473412599
2540,,,,1473412599
2541,,,,1473412599
2542,,,,1473412599
2543,,,,1473412599
2544,,,,1473412600
2545,,,,1473412600
2546,,,,1473412600
2547,,,,1473412601
2548,,,,1473412601
2549,,,,1473412601
2550,,,,1473412602
2551,,,,1473412602
2552,,,,1473412602
2553,,,,1473412602
2554,,,,1473412602
2555,,,,1473412602
2556,,,,1473412603
2557,,,,1473412603
2558,,,,1473412604
2559,,,,1473412604
2560,,,,1473412604
2561,,,,1473412604
2562,,,,1473412605
2563,,,,1473412605
2564,,,,1473412605
2565,,,,1473412605
2566,,,,1473412605
2567,,,,1473412606
2568,,,,1473412606
2569,,,,1473412606
2570,,,,1473412606
2571,,,,1473412606
2572,,,,1473412607
2573,,,,1473412607
2574,,,,1473412607
2575,,,,1473412608
2576,,,,1473412608
2577,,,,1473412608
2578,,,,1473412609
2579,,,,1473412609
2580,,,,1473412609
2581,,,,1473412609
2582,,,,1473412610
2583,,,,1473412610
2584,,,,1473412610
2585,,,,1473412610
2586,,,,1473412611
2587,,,,1473412611
2588,,,,1473412611
2589,,,,1473412611
2590,,,,1473412611
2591,,,,1473412612
2592,,,,1473412612
2593,,,,1473412612
2594,,,,1473412612
2595,,,,1473412613
2596,,,,1473412613
2597,,,,1473412613
2598,,,,1473412614
2599,,,,1473412614
2600,,,,1473412614
2601,,,,1473412614
2602,,,,1473412614
2603,,,,1473412615
2604,,,,1473412615
2605,,,,1473412615
2606,,,,1473412615
2607,,,,1473412616
2608,,,,1473412616
2609,,,,1473412616
2610,,,,1473412616
2611,,,,1473412617
2612,,,,1473412617
2613,,,,1473412617
2614,,,,1473412618
2615,,,,1473412618
2616,,,,1473412618
2617,,,,1473412618
2618,,,,1473412618
2619,,,,1473412618
2620,,,,1473412619
2621,,,,1473412619
2622,,,,1473412619
2623,,,,1473412619
2624,,,,1473412620
2625,,,,1473412620
2626,,,,1473412620
2627,,,,1473412621
2628,,,,1473412621
2629,,,,1473412621
2630,,,,1473412622
2631,,,,1473412622
2632,,,,1473412622
2633,,,,1473412622
2634,,,,1473412622
2635,,,,1473412622
2636,,,,1473412623
2637,,,,1473412623
2638,,,,1473412623
2639,,,,1473412624
2640,,,,1473412624
2641,,,,1473412624
2642,,,,1473412624
2643,,,,1473412625
2644,,,,1473412625
2645,,,,1473412625
2646,,,,1473412625
2647,,,,1473412626
2648,,,,1473412626
2649,,,,1473412626
2650,,,,1473412627
2651,,,,1473412627
2652,,,,1473412627
2653,,,,1473412627
2654,,,,1473412628
2655,,,,1473412628
2656,,,,1473412628
2657,,,,1473412628
2658,,,,1473412628
2659,,,,1473412629
2660,,,,1473412629
2661,,,,1473412629
2662,,,,1473412629
2663,,,,1473412629
2664,,,,1473412630
2665,,,,1473412630
2666,,,,1473412630
2667,,,,1473412631
2668,,,,1473412631
2669,,,,1473412631
2670,,,,1473412632
2671,,,,1473412632
2672,,,,1473412632
2673,,,,1473412632
2674,,,,1473412632
2675,,,,1473412632
2676,,,,1473412633
2677,,,,1473412633
2678,,,,1473412634
2679,,,,1473412634
2680,,,,1473412634
2681,,,,1473412635
2682,,,,1473412635
2683,,,,1473412635
2684,,,,1473412635
2685,,,,1473412635
2686,,,,1473412635
2687,,,,1473412636
2688,,,,1473412636
2689,,,,1473412636
2690,,,,1473412636
2691,,,,1473412636
2692,,,,1473412637
2693,,,,1473412637
2694,,,,1473412637
2695,,,,1473412637
2696,,,,1473412638
2697,,,,1473412638
2698,,,,1473412638
2699,,,,1473412639
2700,,,,1473412639
2701,,,,1473412640
2702,,,,1473412640
2703,,,,1473412640
2704,,,,1473412640
2705,,,,1473412640
2706,,,,1473412640
2707,,,,1473412641
2708,,,,1473412641
2709,,,,1473412641
2710,,,,1473412642
2711,,,,1473412642
2712,,,,1473412642
2713,,,,1473412642
2714,,,,1473412642
2715,,,,1473412643
2716,,,,1473412643
2717,,,,1473412643
2718,,,,1473412643
2719,,,,1473412644
2720,,,,1473412644
2721,,,,1473412644
2722,,,,1473412645
2723,,,,1473412645
2724,,,,1473412645
2725,,,,1473412645
2726,,,,1473412646
2727,,,,1473412646
2728,,,,1473412646
2729,,,,1473412646
2730,,,,1473412647
2731,,,,1473412647
2732,,,,1473412647
2733,,,,1473412647
2734,,,,1473412647
2735,,,,1473412648
2736,,,,1473412648
2737,,,,1473412648
2738,,,,1473412649
2739,,,,1473412649
2740,,,,1473412649
2741,,,,1473412650
2742,,,,1473412650
2743,,,,1473412650
2744,,,,1473412650
2745,,,,1473412650
2746,,,,1473412651
2747,,,,1473412651
2748,,,,1473412651
2749,,,,1473412651
2750,,,,1473412652
2751,,,,1473412652
2752,,,,1473412652
2753,,,,1473412652
2754,,,,1473412653
2755,,,,1473412653
2756,,,,1473412653
2757,,,,1473412653
2758,,,,1473412653
2759,,,,1473412654
2760,,,,1473412654
2761,,,,1473412654
2762,,,,1473412655
2763,,,,1473412655
2764,,,,1473412655
2765,,,,1473412655
2766,,,,1473412655
2767,,,,1473412656
2768,,,,1473412656
2769,,,,1473412656
2770,,,,1473412657
2771,,,,1473412657
2772,,,,1473412657
2773,,,,1473412657
2774,,,,1473412657
2775,,,,1473412658
2776,,,,1473412658
2777,,,,1473412658
2778,,,,1473412658
2779,,,,1473412658
2780,,,,1473412659
2781,,,,1473412659
2782,,,,1473412660
2783,,,,1473412660
2784,,,,1473412660
2785,,,,1473412660
2786,,,,1473412661
2787,,,,1473412661
2788,,,,1473412661
2789,,,,1473412661
2790,,,,1473412661
2791,,,,1473412662
2792,,,,1473412662
2793,,,,1473412662
2794,,,,1473412662
2795,,,,1473412663
2796,,,,1473412663
2797,,,,1473412663
2798,,,,1473412663
2799,,,,1473412663
2800,,,,1473412664
2801,,,,1473412664
2802,,,,1473412664
2803,,,,1473412665
2804,,,,1473412665
2805,,,,1473412665
2806,,,,1473412666
2807,,,,1473412666
2808,,,,1473412666
2809,,,,1473412666
2810,,,,1473412666
2811,,,,1473412667
2812,,,,1473412667
2813,,,,1473412667
2814,,,,1473412668
2815,,,,1473412668
2816,,,,1473412668
2817,,,,1473412668
2818,,,,1473412668
2819,,,,1473412669
2820,,,,1473412669
2821,,,,1473412669
2822,,,,1473412670
2823,,,,1473412670
2824,,,,1473412670
2825,,,,1473412670
2826,,,,1473412670
2827,,,,1473412671
2828,,,,1473412671
2829,,,,1473412671
2830,,,,1473412672
2831,,,,1473412672
2832,,,,1473412672
2833,,,,1473412672
2834,,,,1473412672
2835,,,,1473412672
2836,,,,1473412673
2837,,,,1473412673
2838,,,,1473412673
2839,,,,1473412674
2840,,,,1473412674
2841,,,,1473412674
2842,,,,1473412674
2843,,,,1473412675
2844,,,,1473412675
2845,,,,1473412675
2846,,,,1473412675
2847,,,,1473412675
2848,,,,1473412676
2849,,,,1473412676
2850,,,,1473412677
2851,,,,1473412677
2852,,,,1473412677
2853,,,,1473412677
2854,,,,1473412677
2855,,,,1473412677
2856,,,,1473412678
2857,,,,1473412678
2858,,,,1473412678
2859,,,,1473412678
2860,,,,1473412679
2861,,,,1473412679
2862,,,,1473412680
2863,,,,1473412680
2864,,,,1473412680
2865,,,,1473412680
2866,,,,1473412680
2867,,,,1473412681
2868,,,,1473412681
2869,,,,1473412681
2870,,,,1473412681
2871,,,,1473412681
2872,,,,1473412682
2873,,,,1473412682
2874,,,,1473412683
2875,,,,1473412683
2876,,,,1473412683
2877,,,,1473412683
2878,,,,1473412684
2879,,,,1473412684
2880,,,,1473412684
2881,,,,1473412684
2882,,,,1473412684
2883,,,,1473412685
2884,,,,1473412685
2885,,,,1473412685
2886,,,,1473412685
2887,,,,1473412685
2888,,,,1473412686
2889,,,,1473412686
2890,,,,1473412687
2891,,,,1473412687
2892,,,,1473412687
2893,,,,1473412687
2894,,,,1473412687
2895,,,,1473412688
2896,,,,1473412688
2897,,,,1473412688
2898,,,,1473412688
2899,,,,1473412688
2900,,,,1473412689
2901,,,,1473412690
2902,,,,1473412690
2903,,,,1473412690
2904,,,,1473412690
2905,,,,1473412691
2906,,,,1473412691
2907,,,,1473412691
2908,,,,1473412691
2909,,,,1473412691
2910,,,,1473412691
2911,,,,1473412692
2912,,,,1473412692
2913,,,,1473412692
2914,,,,1473412693
2915,,,,1473412693
2916,,,,1473412693
2917,,,,1473412693
2918,,,,1473412693
2919,,,,1473412693
2920,,,,1473412694
2921,,,,1473412694
2922,,,,1473412694
2923,,,,1473412695
2924,,,,1473412695
2925,,,,1473412695
2926,,,,1473412696
2927,,,,1473412696
2928,,,,1473412696
2929,,,,1473412696
2930,,,,1473412696
2931,,,,1473412696
2932,,,,1473412697
2933,,,,1473412697
2934,,,,1473412698
2935,,,,1473412698
2936,,,,1473412698
2937,,,,1473412698
2938,,,,1473412698
2939,,,,1473412699
2940,,,,1473412699
2941,,,,1473412699
2942,,,,1473412699
2943,,,,1473412699
2944,,,,1473412700
2945,,,,1473412700
2946,,,,1473412701
2947,,,,1473412701
2948,,,,1473412701
2949,,,,1473412701
2950,,,,1473412701
2951,,,,1473412702
2952,,,,1473412702
2953,,,,1473412702
2954,,,,1473412702
2955,,,,1473412703
2956,,,,1473412703
2957,,,,1473412703
2958,,,,1473412703
2959,,,,1473412703
2960,,,,1473412704
2961,,,,1473412704
2962,,,,1473412704
2963,,,,1473412704
2964,,,,1473412705
2965,,,,1473412705
2966,,,,1473412705
2967,,,,1473412706
2968,,,,1473412706
2969,,,,1473412706
2970,,,,1473412706
2971,,,,1473412707
2972,,,,1473412707
2973,,,,1473412707
2974,,,,1473412708
2975,,,,1473412708
2976,,,,1473412708
2977,,,,1473412709
2978,,,,1473412709
2979,,,,1473412709
2980,,,,1473412710
2981,,,,1473412710
2982,,,,1473412710
2983,,,,1473412710
2984,,,,1473412710
2985,,,,1473412710
2986,,,,1473412711
2987,,,,1473412711
2988,,,,1473412711
2989,,,,1473412712
2990,,,,1473412712
2991,,,,1473412712
2992,,,,1473412712
2993,,,,1473412712
2994,,,,1473412713
2995,,,,1473412713
2996,,,,1473412713
2997,,,,1473412714
2998,,,,1473412714
2999,,,,1473412714
3000,,,,1473412714
3001,,,,1473412714
3002,,,,1473412714
3003,,,,1473412715
3004,,,,1473412716
3005,,,,1473412716
3006,,,,1473412716
3007,,,,1473412716
3008,,,,1473412716
3009,,,,1473412716
3010,,,,1473412716
3011,,,,1473412717
3012,,,,1473412717
3013,,,,1473412718
3014,,,,1473412718
3015,,,,1473412718
3016,,,,1473412718
3017,,,,1473412719
3018,,,,1473412719
3019,,,,1473412719
3020,,,,1473412719
3021,,,,1473412719
3022,,,,1473412720
3023,,,,1473412720
3024,,,,1473412720
3025,,,,1473412720
3026,,,,1473412721
3027,,,,1473412721
3028,,,,1473412721
3029,,,,1473412721
3030,,,,1473412722
3031,,,,1473412722
3032,,,,1473412722
3033,,,,1473412722
3034,,,,1473412723
3035,,,,1473412723
3036,,,,1473412723
3037,,,,1473412723
3038,,,,1473412724
3039,,,,1473412724
3040,,,,1473412724
3041,,,,1473412724
3042,,,,1473412725
3043,,,,1473412725
3044,,,,1473412725
3045,,,,1473412725
3046,,,,1473412725
3047,,,,1473412726
3048,,,,1473412726
3049,,,,1473412726
3050,,,,1473412727
3051,,,,1473412727
3052,,,,1473412727
3053,,,,1473412727
3054,,,,1473412728
3055,,,,1473412728
3056,,,,1473412728
3057,,,,1473412728
3058,,,,1473412728
3059,,,,1473412729
3060,,,,1473412730
3061,,,,1473412730
3062,,,,1473412730
3063,,,,1473412731
3064,,,,1473412731
3065,,,,1473412731
3066,,,,1473412731
3067,,,,1473412731
3068,,,,1473412731
3069,,,,1473412731
3070,,,,1473412732
3071,,,,1473412732
3072,,,,1473412732
3073,,,,1473412733
3074,,,,1473412733
3075,,,,1473412733
3076,,,,1473412734
3077,,,,1473412734
3078,,,,1473412734
3079,,,,1473412734
3080,,,,1473412734
3081,,,,1473412735
3082,,,,1473412735
3083,,,,1473412735
3084,,,,1473412735
3085,,,,1473412736
3086,,,,1473412736
3087,,,,1473412736
3088,,,,1473412736
3089,,,,1473412737
3090,,,,1473412737
3091,,,,1473412737
3092,,,,1473412738
3093,,,,1473412738
3094,,,,1473412738
3095,,,,1473412738
3096,,,,1473412738
3097,,,,1473412739
3098,,,,1473412739
3099,,,,1473412739
3100,,,,1473412739
3101,,,,1473412740
3102,,,,1473412740
3103,,,,1473412740
3104,,,,1473412740
3105,,,,1473412740
3106,,,,1473412741
3107,,,,1473412741
3108,,,,1473412741
3109,,,,1473412742
3110,,,,1473412742
3111,,,,1473412742
3112,,,,1473412743
3113,,,,1473412743
3114,,,,1473412743
3115,,,,1473412743
3116,,,,1473412743
3117,,,,1473412744
3118,,,,1473412744
3119,,,,1473412744
3120,,,,1473412745
3121,,,,1473412745
3122,,,,1473412745
3123,,,,1473412745
3124,,,,1473412745
3125,,,,1473412745
3126,,,,1473412746
3127,,,,1473412746
3128,,,,1473412747
3129,,,,1473412747
3130,,,,1473412747
3131,,,,1473412748
3132,,,,1473412748
3133,,,,1473412748
3134,,,,1473412748
3135,,,,1473412748
3136,,,,1473412748
3137,,,,1473412749
3138,,,,1473412749
3139,,,,1473412749
3140,,,,1473412750
3141,,,,1473412750
3142,,,,1473412750
3143,,,,1473412750
3144,,,,1473412750
3145,,,,1473412751
3146,,,,1473412751
3147,,,,1473412751
3148,,,,1473412752
3149,,,,1473412752
3150,,,,1473412752
3151,,,,1473412752
3152,,,,1473412752
3153,,,,1473412753
3154,,,,1473412753
3155,,,,1473412753
3156,,,,1473412754
3157,,,,1473412754
3158,,,,1473412754
3159,,,,1473412754
3160,,,,1473412755
3161,,,,1473412755
3162,,,,1473412755
3163,,,,1473412755
3164,,,,1473412755
3165,,,,1473412756
3166,,,,1473412756
3167,,,,1473412756
3168,,,,1473412756
3169,,,,1473412757
3170,,,,1473412757
3171,,,,1473412757
3172,,,,1473412757
3173,,,,1473412758
3174,,,,1473412758
3175,,,,1473412758
3176,,,,1473412759
3177,,,,1473412759
3178,,,,1473412759
3179,,,,1473412759
3180,,,,1473412759
3181,,,,1473412760
3182,,,,1473412760
3183,,,,1473412760
3184,,,,1473412761
3185,,,,1473412761
3186,,,,1473412761
3187,,,,1473412761
3188,,,,1473412761
3189,,,,1473412761
3190,,,,1473412762
3191,,,,1473412762
3192,,,,1473412763
3193,,,,1473412763
3194,,,,1473412763
3195,,,,1473412763
3196,,,,1473412764
3197,,,,1473412764
3198,,,,1473412764
3199,,,,1473412764
3200,,,,1473412764
3201,,,,1473412764
3202,,,,1473412765
3203,,,,1473412765
3204,,,,1473412765
3205,,,,1473412766
3206,,,,1473412766
3207,,,,1473412766
3208,,,,1473412767
3209,,,,1473412767
3210,,,,1473412767
3211,,,,1473412767
3212,,,,1473412767
3213,,,,1473412768
3214,,,,1473412768
3215,,,,1473412768
3216,,,,1473412768
3217,,,,1473412769
3218,,,,1473412769
3219,,,,1473412769
3220,,,,1473412769
3221,,,,1473412770
3222,,,,1473412770
3223,,,,1473412770
3224,,,,1473412771
3225,,,,1473412771
3226,,,,1473412771
3227,,,,1473412771
3228,,,,1473412772
3229,,,,1473412772
3230,,,,1473412772
3231,,,,1473412772
3232,,,,1473412772
3233,,,,1473412773
3234,,,,1473412773
3235,,,,1473412773
3236,,,,1473412773
3237,,,,1473412774
3238,,,,1473412774
3239,,,,1473412774
3240,,,,1473412774
3241,,,,1473412774
3242,,,,1473412775
3243,,,,1473412775
3244,,,,1473412775
3245,,,,1473412776
3246,,,,1473412776
3247,,,,1473412776
3248,,,,1473412777
3249,,,,1473412777
3250,,,,1473412777
3251,,,,1473412777
3252,,,,1473412777
3253,,,,1473412777
3254,,,,1473412778
3255,,,,1473412778
3256,,,,1473412778
3257,,,,1473412779
3258,,,,1473412779
3259,,,,1473412779
3260,,,,1473412779
3261,,,,1473412779
3262,,,,1473412780
3263,,,,1473412780
3264,,,,1473412780
3265,,,,1473412781
3266,,,,1473412781
3267,,,,1473412782
3268,,,,1473412782
3269,,,,1473412782
3270,,,,1473412782
3271,,,,1473412782
3272,,,,1473412783
3273,,,,1473412783
3274,,,,1473412783
3275,,,,1473412783
3276,,,,1473412783
3277,,,,1473412784
3278,,,,1473412784
3279,,,,1473412784
3280,,,,1473412785
3281,,,,1473412785
3282,,,,1473412785
3283,,,,1473412785
3284,,,,1473412785
3285,,,,1473412786
3286,,,,1473412786
3287,,,,1473412786
3288,,,,1473412786
3289,,,,1473412787
3290,,,,1473412787
3291,,,,1473412787
3292,,,,1473412787
3293,,,,1473412788
3294,,,,1473412788
3295,,,,1473412788
3296,,,,1473412788
3297,,,,1473412789
3298,,,,1473412789
3299,,,,1473412789
3300,,,,1473412789
3301,,,,1473412789
3302,,,,1473412790
3303,,,,1473412790
3304,,,,1473412790
3305,,,,1473412790
3306,,,,1473412791
3307,,,,1473412791
3308,,,,1473412792
3309,,,,1473412792
3310,,,,1473412792
3311,,,,1473412792
3312,,,,1473412792
3313,,,,1473412793
3314,,,,1473412793
3315,,,,1473412793
3316,,,,1473412793
3317,,,,1473412794
3318,,,,1473412794
3319,,,,1473412794
3320,,,,1473412795
3321,,,,1473412795
3322,,,,1473412795
3323,,,,1473412795
3324,,,,1473412795
3325,,,,1473412796
3326,,,,1473412796
3327,,,,1473412796
3328,,,,1473412797
3329,,,,1473412797
3330,,,,1473412797
3331,,,,1473412797
3332,,,,1473412797
3333,,,,1473412797
3334,,,,1473412798
3335,,,,1473412798
3336,,,,1473412798
3337,,,,1473412799
3338,,,,1473412799
3339,,,,1473412800
3340,,,,1473412800
3341,,,,1473412800
3342,,,,1473412800
3343,,,,1473412800
3344,,,,1473412800
3345,,,,1473412801
3346,,,,1473412801
3347,,,,1473412801
3348,,,,1473412801
3349,,,,1473412801
3350,,,,1473412802
3351,,,,1473412802
3352,,,,1473412802
3353,,,,1473412803
3354,,,,1473412803
3355,,,,1473412804
3356,,,,1473412804
3357,,,,1473412804
3358,,,,1473412804
3359,,,,1473412805
3360,,,,1473412805
3361,,,,1473412805
3362,,,,1473412805
3363,,,,1473412805
3364,,,,1473412805
3365,,,,1473412806
3366,,,,1473412806
3367,,,,1473412806
3368,,,,1473412806
3369,,,,1473412806
3370,,,,1473412807
3371,,,,1473412807
3372,,,,1473412807
3373,,,,1473412807
3374,,,,1473412808
3375,,,,1473412808
3376,,,,1473412809
3377,,,,1473412809
3378,,,,1473412809
3379,,,,1473412809
3380,,,,1473412809
3381,,,,1473412809
3382,,,,1473412810
3383,,,,1473412810
3384,,,,1473412810
3385,,,,1473412811
3386,,,,1473412811
3387,,,,1473412811
3388,,,,1473412812
3389,,,,1473412812
3390,,,,1473412812
3391,,,,1473412812
3392,,,,1473412812
3393,,,,1473412812
3394,,,,1473412813
3395,,,,1473412813
3396,,,,1473412813
3397,,,,1473412814
3398,,,,1473412814
3399,,,,1473412814
3400,,,,1473412815
3401,,,,1473412815
3402,,,,1473412815
3403,,,,1473412815
3404,,,,1473412816
3405,,,,1473412816
3406,,,,1473412816
3407,,,,1473412816
3408,,,,1473412816
3409,,,,1473412816
3410,,,,1473412817
3411,,,,1473412817
3412,,,,1473412817
3413,,,,1473412818
3414,,,,1473412818
3415,,,,1473412818
3416,,,,1473412818
3417,,,,1473412819
3418,,,,1473412819
3419,,,,1473412819
3420,,,,1473412819
3421,,,,1473412820
3422,,,,1473412820
3423,,,,1473412820
3424,,,,1473412820
3425,,,,1473412820
3426,,,,1473412821
3427,,,,1473412821
3428,,,,1473412821
3429,,,,1473412822
3430,,,,1473412822
3431,,,,1473412823
3432,,,,1473412823
3433,,,,1473412823
3434,,,,1473412823
3435,,,,1473412823
3436,,,,1473412823
3437,,,,1473412823
3438,,,,1473412824
3439,,,,1473412825
3440,,,,1473412825
3441,,,,1473412825
3442,,,,1473412825
3443,,,,1473412825
3444,,,,1473412825
3445,,,,1473412826
3446,,,,1473412826
3447,,,,1473412826
3448,,,,1473412827
3449,,,,1473412827
3450,,,,1473412827
3451,,,,1473412827
3452,,,,1473412827
3453,,,,1473412828
3454,,,,1473412828
3455,,,,1473412828
3456,,,,1473412828
3457,,,,1473412829
3458,,,,1473412830
3459,,,,1473412830
3460,,,,1473412830
3461,,,,1473412830
3462,,,,1473412830
3463,,,,1473412831
3464,,,,1473412831
3465,,,,1473412831
3466,,,,1473412831
3467,,,,1473412831
3468,,,,1473412832
3469,,,,1473412832
3470,,,,1473412832
3471,,,,1473412832
3472,,,,1473412832
3473,,,,1473412832
3474,,,,1473412833
3475,,,,1473412833
3476,,,,1473412833
3477,,,,1473412834
3478,,,,1473412834
3479,,,,1473412834
3480,,,,1473412834
3481,,,,1473412835
3482,,,,1473412835
3483,,,,1473412835
3484,,,,1473412835
3485,,,,1473412836
3486,,,,1473412836
3487,,,,1473412836
3488,,,,1473412836
3489,,,,1473412836
3490,,,,1473412837
3491,,,,1473412837
3492,,,,1473412838
3493,,,,1473412838
3494,,,,1473412838
3495,,,,1473412838
3496,,,,1473412838
3497,,,,1473412839
3498,,,,1473412839
3499,,,,1473412839
3500,,,,1473412840
3501,,,,1473412840
3502,,,,1473412840
3503,,,,1473412840
3504,,,,1473412841
3505,,,,1473412841
3506,,,,1473412841
3507,,,,1473412842
3508,,,,1473412842
3509,,,,1473412842
3510,,,,1473412842
3511,,,,1473412842
3512,,,,1473412842
3513,,,,1473412842
3514,,,,1473412843
3515,,,,1473412843
3516,,,,1473412843
3517,,,,1473412844
3518,,,,1473412844
3519,,,,1473412845
3520,,,,1473412845
3521,,,,1473412845
3522,,,,1473412845
3523,,,,1473412845
3524,,,,1473412846
3525,,,,1473412846
3526,,,,1473412846
3527,,,,1473412846
3528,,,,1473412846
3529,,,,1473412847
3530,,,,1473412847
3531,,,,1473412847
3532,,,,1473412847
3533,,,,1473412847
3534,,,,1473412848
3535,,,,1473412848
3536,,,,1473412849
3537,,,,1473412849
3538,,,,1473412849
3539,,,,1473412849
3540,,,,1473412849
3541,,,,1473412850
3542,,,,1473412850
3543,,,,1473412850
3544,,,,1473412850
3545,,,,1473412850
3546,,,,1473412851
3547,,,,1473412851
3548,,,,1473412852
3549,,,,1473412852
3550,,,,1473412852
3551,,,,1473412852
3552,,,,1473412852
3553,,,,1473412852
3554,,,,1473412853
3555,,,,1473412853
3556,,,,1473412853
3557,,,,1473412853
3558,,,,1473412854
3559,,,,1473412854
3560,,,,1473412855
3561,,,,1473412855
3562,,,,1473412855
3563,,,,1473412855
3564,,,,1473412856
3565,,,,1473412856
3566,,,,1473412856
3567,,,,1473412856
3568,,,,1473412856
3569,,,,1473412857
3570,,,,1473412857
3571,,,,1473412857
3572,,,,1473412858
3573,,,,1473412858
3574,,,,1473412858
3575,,,,1473412858
3576,,,,1473412859
3577,,,,1473412859
3578,,,,1473412859
3579,,,,1473412859
3580,,,,1473412859
3581,,,,1473412860
3582,,,,1473412860
3583,,,,1473412860
3584,,,,1473412861
3585,,,,1473412861
3586,,,,1473412861
3587,,,,1473412861
3588,,,,1473412861
3589,,,,1473412861
3590,,,,1473412862
3591,,,,1473412862
3592,,,,1473412862
3593,,,,1473412863
3594,,,,1473412863
3595,,,,1473412863
3596,,,,1473412864
3597,,,,1473412864
3598,,,,1473412864
3599,,,,1473412864
3600,,,,1473412864
3601,,,,1473412864
3602,,,,1473412865
3603,,,,1473412865
3604,,,,1473412865
3605,,,,1473412866
3606,,,,1473412866
3607,,,,1473412867
3608,,,,1473412867
3609,,,,1473412867
3610,,,,1473412867
3611,,,,1473412867
3612,,,,1473412867
3613,,,,1473412868
3614,,,,1473412868
3615,,,,1473412868
3616,,,,1473412868
3617,,,,1473412868
3618,,,,1473412869
3619,,,,1473412869
3620,,,,1473412870
3621,,,,1473412870
3622,,,,1473412870
3623,,,,1473412870
3624,,,,1473412871
3625,,,,1473412871
3626,,,,1473412871
3627,,,,1473412871
3628,,,,1473412871
3629,,,,1473412871
3630,,,,1473412872
3631,,,,1473412872
3632,,,,1473412872
3633,,,,1473412873
3634,,,,1473412873
3635,,,,1473412873
3636,,,,1473412874
3637,,,,1473412874
3638,,,,1473412874
3639,,,,1473412874
3640,,,,1473412874
3641,,,,1473412874
3642,,,,1473412875
3643,,,,1473412875
3644,,,,1473412875
3645,,,,1473412876
3646,,,,1473412876
3647,,,,1473412876
3648,,,,1473412877
3649,,,,1473412877
3650,,,,1473412877
3651,,,,1473412877
3652,,,,1473412877
3653,,,,1473412878
3654,,,,1473412878
3655,,,,1473412878
3656,,,,1473412879
3657,,,,1473412879
3658,,,,1473412879
3659,,,,1473412879
3660,,,,1473412879
3661,,,,1473412879
3662,,,,1473412880
3663,,,,1473412880
3664,,,,1473412880
3665,,,,1473412881
3666,,,,1473412881
3667,,,,1473412881
3668,,,,1473412881
3669,,,,1473412881
3670,,,,1473412882
3671,,,,1473412882
3672,,,,1473412882
3673,,,,1473412882
3674,,,,1473412883
3675,,,,1473412883
3676,,,,1473412883
3677,,,,1473412883
3678,,,,1473412884
3679,,,,1473412884
3680,,,,1473412884
3681,,,,1473412885
3682,,,,1473412885
3683,,,,1473412885
3684,,,,1473412886
3685,,,,1473412886
3686,,,,1473412886
3687,,,,1473412886
3688,,,,1473412886
3689,,,,1473412886
3690,,,,1473412887
3691,,,,1473412887
3692,,,,1473412887
3693,,,,1473412888
3694,,,,1473412888
3695,,,,1473412888
3696,,,,1473412888
3697,,,,1473412888
3698,,,,1473412889
3699,,,,1473412889
3700,,,,1473412889
3701,,,,1473412890
3702,,,,1473412890
3703,,,,1473412890
3704,,,,1473412891
3705,,,,1473412891
3706,,,,1473412891
3707,,,,1473412891
3708,,,,1473412891
3709,,,,1473412891
3710,,,,1473412892
3711,,,,1473412892
3712,,,,1473412892
3713,,,,1473412893
3714,,,,1473412893
3715,,,,1473412893
3716,,,,1473412893
3717,,,,1473412894
3718,,,,1473412894
3719,,,,1473412894
3720,,,,1473412894
3721,,,,1473412894
3722,,,,1473412895
3723,,,,1473412895
3724,,,,1473412896
3725,,,,1473412896
3726,,,,1473412896
3727,,,,1473412896
3728,,,,1473412897
3729,,,,1473412897
3730,,,,1473412897
3731,,,,1473412897
3732,,,,1473412897
3733,,,,1473412898
3734,,,,1473412898
3735,,,,1473412898
3736,,,,1473412898
3737,,,,1473412899
3738,,,,1473412899
3739,,,,1473412899
3740,,,,1473412900
3741,,,,1473412900
3742,,,,1473412900
3743,,,,1473412900
3744,,,,1473412900
3745,,,,1473412901
3746,,,,1473412901
3747,,,,1473412901
3748,,,,1473412902
3749,,,,1473412902
3750,,,,1473412902
3751,,,,1473412902
3752,,,,1473412902
3753,,,,1473412903
3754,,,,1473412903
3755,,,,1473412903
3756,,,,1473412904
3757,,,,1473412904
3758,,,,1473412904
3759,,,,1473412904
3760,,,,1473412905
3761,,,,1473412905
3762,,,,1473412905
3763,,,,1473412905
3764,,,,1473412905
3765,,,,1473412906
3766,,,,1473412906
3767,,,,1473412907
3768,,,,1473412907
3769,,,,1473412908
3770,,,,1473412908
3771,,,,1473412908
3772,,,,1473412908
3773,,,,1473412908
3774,,,,1473412908
3775,,,,1473412908
3776,,,,1473412909
3777,,,,1473412909
3778,,,,1473412909
3779,,,,1473412909
3780,,,,1473412909
3781,,,,1473412910
3782,,,,1473412910
3783,,,,1473412910
3784,,,,1473412911
3785,,,,1473412911
3786,,,,1473412911
3787,,,,1473412911
3788,,,,1473412912
3789,,,,1473412912
3790,,,,1473412912
3791,,,,1473412913
3792,,,,1473412913
3793,,,,1473412913
3794,,,,1473412913
3795,,,,1473412913
3796,,,,1473412914
3797,,,,1473412914
3798,,,,1473412914
3799,,,,1473412914
3800,,,,1473412915
3801,,,,1473412915
3802,,,,1473412915
3803,,,,1473412915
3804,,,,1473412916
3805,,,,1473412916
3806,,,,1473412916
3807,,,,1473412916
3808,,,,1473412917
3809,,,,1473412917
3810,,,,1473412917
3811,,,,1473412917
3812,,,,1473412917
3813,,,,1473412918
3814,,,,1473412919
3815,,,,1473412919
3816,,,,1473412919
3817,,,,1473412919
3818,,,,1473412919
3819,,,,1473412919
3820,,,,1473412919
3821,,,,1473412920
3822,,,,1473412920
3823,,,,1473412920
3824,,,,1473412920
3825,,,,1473412921
3826,,,,1473412921
3827,,,,1473412922
3828,,,,1473412922
3829,,,,1473412922
3830,,,,1473412923
3831,,,,1473412923
3832,,,,1473412923
3833,,,,1473412923
3834,,,,1473412923
3835,,,,1473412924
3836,,,,1473412924
3837,,,,1473412924
3838,,,,1473412924
3839,,,,1473412924
3840,,,,1473412924
3841,,,,1473412925
3842,,,,1473412926
3843,,,,1473412926
3844,,,,1473412926
3845,,,,1473412926
3846,,,,1473412926
3847,,,,1473412926
3848,,,,1473412927
3849,,,,1473412927
3850,,,,1473412927
3851,,,,1473412927
3852,,,,1473412927
3853,,,,1473412928
3854,,,,1473412928
3855,,,,1473412928
3856,,,,1473412928
3857,,,,1473412929
3858,,,,1473412929
3859,,,,1473412929
3860,,,,1473412930
3861,,,,1473412930
3862,,,,1473412930
3863,,,,1473412931
3864,,,,1473412931
3865,,,,1473412931
3866,,,,1473412931
3867,,,,1473412931
3868,,,,1473412932
3869,,,,1473412932
3870,,,,1473412932
3871,,,,1473412933
3872,,,,1473412933
3873,,,,1473412933
3874,,,,1473412933
3875,,,,1473412934
3876,,,,1473412934
3877,,,,1473412934
3878,,,,1473412934
3879,,,,1473412934
3880,,,,1473412935
3881,,,,1473412935
3882,,,,1473412935
3883,,,,1473412935
3884,,,,1473412936
3885,,,,1473412936
3886,,,,1473412936
3887,,,,1473412937
3888,,,,1473412937
3889,,,,1473412937
3890,,,,1473412937
3891,,,,1473412938
3892,,,,1473412938
3893,,,,1473412938
3894,,,,1473412938
3895,,,,1473412939
3896,,,,1473412939
3897,,,,1473412939
3898,,,,1473412939
3899,,,,1473412939
3900,,,,1473412939
3901,,,,1473412940
3902,,,,1473412941
3903,,,,1473412941
3904,,,,1473412941
3905,,,,1473412941
3906,,,,1473412941
3907,,,,1473412942
3908,,,,1473412942
3909,,,,1473412942
3910,,,,1473412942
3911,,,,1473412942
3912,,,,1473412943
3913,,,,1473412943
3914,,,,1473412943
3915,,,,1473412943
3916,,,,1473412943
3917,,,,1473412944
3918,,,,1473412944
3919,,,,1473412945
3920,,,,1473412945
3921,,,,1473412945
3922,,,,1473412945
3923,,,,1473412945
3924,,,,1473412945
3925,,,,1473412946
3926,,,,1473412946
3927,,,,1473412946
3928,,,,1473412946
3929,,,,1473412947
3930,,,,1473412947
3931,,,,1473412947
3932,,,,1473412948
3933,,,,1473412948
3934,,,,1473412948
3935,,,,1473412949
3936,,,,1473412949
3937,,,,1473412949
3938,,,,1473412949
3939,,,,1473412950
3940,,,,1473412950
3941,,,,1473412950
3942,,,,1473412950
3943,,,,1473412950
3944,,,,1473412951
3945,,,,1473412951
3946,,,,1473412951
3947,,,,1473412951
3948,,,,1473412951
3949,,,,1473412952
3950,,,,1473412953
3951,,,,1473412953
3952,,,,1473412953
3953,,,,1473412953
3954,,,,1473412953
3955,,,,1473412953
3956,,,,1473412954
3957,,,,1473412954
3958,,,,1473412954
3959,,,,1473412954
3960,,,,1473412955
3961,,,,1473412955
3962,,,,1473412955
3963,,,,1473412955
3964,,,,1473412955
3965,,,,1473412956
3966,,,,1473412956
3967,,,,1473412957
3968,,,,1473412957
3969,,,,1473412957
3970,,,,1473412957
3971,,,,1473412957
3972,,,,1473412958
3973,,,,1473412958
3974,,,,1473412958
3975,,,,1473412959
3976,,,,1473412959
3977,,,,1473412959
3978,,,,1473412959
3979,,,,1473412960
3980,,,,1473412960
3981,,,,1473412960
3982,,,,1473412960
3983,,,,1473412961
3984,,,,1473412961
3985,,,,1473412961
3986,,,,1473412961
3987,,,,1473412961
3988,,,,1473412962
