Date,AAPL,AMZN,FB,GOOG,MSFT
2014-12-31,103.30206298828125,310.3500061035156,78.0199966430664,523.5214233398438,42.50029373168945
2015-01-02,102.31939697265625,308.5199890136719,78.44999694824219,521.937744140625,42.783935546875
2015-01-05,99.4368896484375,302.19000244140625,77.19000244140625,511.0576171875,42.390499114990234
2015-01-06,99.44625091552734,295.2900085449219,76.1500015258789,499.2127990722656,41.768314361572266
2015-01-07,100.84071350097656,298.4200134277344,76.1500015258789,498.3575134277344,42.29899978637695
2015-01-08,104.71525573730469,300.4599914550781,78.18000030517578,499.9288635253906,43.54335021972656
2015-01-09,104.82755279541016,296.92999267578125,77.73999786376953,493.4544982910156,43.1773681640625
2015-01-12,102.24452209472656,291.4100036621094,76.72000122070312,489.85430908203125,42.63753128051758
2015-01-13,103.15231323242188,294.739990234375,76.44999694824219,493.4644470214844,42.41794204711914
2015-01-14,102.75926208496094,293.2699890136719,76.27999877929688,498.1287841796875,42.05194854736328
2015-01-15,99.9703369140625,286.95001220703125,74.05000305175781,499.0437316894531,41.61277770996094
2015-01-16,99.19355773925781,290.739990234375,75.18000030517578,505.29931640625,42.30815124511719
2015-01-20,101.7485122680664,289.44000244140625,76.23999786376953,504.1257629394531,42.44538497924805
2015-01-21,102.5252914428711,297.25,76.73999786376953,515.2047729492188,42.015350341796875
2015-01-22,105.19253540039062,310.32000732421875,77.6500015258789,531.46533203125,43.12246322631836
2015-01-23,105.73534393310547,312.3900146484375,77.83000183105469,536.994873046875,43.168216705322266
2015-01-26,105.84764862060547,309.6600036621094,77.5,532.2808227539062,43.012672424316406
2015-01-27,102.14158630371094,306.75,75.77999877929688,515.7915649414062,39.03255081176758
2015-01-28,107.91593170166016,303.9100036621094,76.23999786376953,507.20880126953125,37.68755340576172
2015-01-29,111.27574157714844,311.7799987792969,78.0,507.8652038574219,38.437828063964844
2015-01-30,109.64732360839844,354.5299987792969,75.91000366210938,531.5946044921875,36.9647331237793
2015-02-02,111.02306365966797,364.4700012207031,74.98999786376953,525.587646484375,37.769901275634766
2015-02-03,111.0417709350586,363.54998779296875,75.4000015258789,526.343505859375,38.06269454956055
2015-02-04,111.89340209960938,364.75,75.62999725341797,519.8989868164062,38.28228759765625
2015-02-05,112.69204711914062,373.8900146484375,75.61000061035156,524.6925659179688,38.84040832519531
2015-02-06,111.74308776855469,374.2799987792969,74.47000122070312,528.0938720703125,38.80381393432617
2015-02-09,112.4853515625,370.55999755859375,74.44000244140625,524.9412231445312,38.758060455322266
2015-02-10,114.64635467529297,373.0,75.19000244140625,534.0013427734375,38.977657318115234
2015-02-11,117.33351135253906,375.1400146484375,76.51000213623047,533.0366821289062,38.7763671875
2015-02-12,118.81803894042969,377.1700134277344,76.2300033569336,539.9585571289062,39.42599105834961
2015-02-13,119.40058898925781,381.8299865722656,75.73999786376953,546.0053100585938,40.139671325683594
2015-02-17,120.10526275634766,375.42999267578125,75.5999984741211,539.8690795898438,40.158103942871094
2015-02-18,120.94149017333984,373.3699951171875,76.70999908447266,536.7462768554688,40.11202621459961
2015-02-19,120.68778228759766,379.0,79.41999816894531,539.9013061523438,40.08438491821289
2015-02-20,121.67432403564453,383.6600036621094,79.9000015258789,536.0003662109375,40.41611862182617
2015-02-23,124.96282958984375,380.1400146484375,78.83999633789062,528.9989013671875,40.6833381652832
2015-02-24,124.18297576904297,378.5899963378906,78.44999694824219,533.156005859375,40.62805938720703
2015-02-25,121.00723266601562,385.3699951171875,79.55999755859375,540.8934326171875,40.5359001159668
2015-02-26,122.53873443603516,384.79998779296875,80.41000366210938,552.4398803710938,40.60041427612305
2015-02-27,120.69718170166016,380.1600036621094,78.97000122070312,555.3439331054688,40.40689468383789
2015-03-02,121.28913116455078,385.6600036621094,79.75,568.2130737304688,40.434539794921875
2015-03-03,121.54280090332031,384.6099853515625,79.5999984741211,570.50048828125,39.881656646728516
2015-03-04,120.77234649658203,382.7200012207031,80.9000015258789,570.2319946289062,39.67892074584961
2015-03-05,118.77108001708984,387.8299865722656,81.20999908447266,572.1812744140625,39.725006103515625
2015-03-06,118.9495849609375,380.0899963378906,80.01000213623047,564.578125,39.03388595581055
2015-03-09,119.45697021484375,378.55999755859375,79.44000244140625,565.7366943359375,39.48542022705078
2015-03-10,116.98588562011719,369.510009765625,77.55000305175781,551.9724731445312,38.72980499267578
2015-03-11,114.85305786132812,366.3699951171875,77.56999969482422,548.1634521484375,38.68373107910156
2015-03-12,116.92949676513672,374.239990234375,78.93000030517578,552.4697265625,37.799110412597656
2015-03-13,116.1214828491211,370.5799865722656,78.05000305175781,544.3245849609375,38.13084030151367
2015-03-16,117.39928436279297,373.3500061035156,78.06999969482422,551.4752197265625,38.296714782714844
2015-03-17,119.36299133300781,371.9200134277344,79.36000061035156,547.8253173828125,38.42572021484375
2015-03-18,120.70659637451172,375.1400146484375,80.91000366210938,556.4378662109375,39.16290283203125
2015-03-19,119.79520416259766,373.239990234375,82.75,554.9361572265625,38.96939468383789
2015-03-20,118.29188537597656,378.489990234375,83.80000305175781,557.293212890625,39.513065338134766
2015-03-23,119.52273559570312,375.1099853515625,84.43000030517578,555.7516479492188,39.4946403503418
2015-03-24,119.0341567993164,374.0899963378906,85.30999755859375,567.0693969726562,39.531490325927734
2015-03-25,115.92416381835938,370.9599914550781,82.91999816894531,555.726806640625,38.20456314086914
2015-03-26,116.7322006225586,367.3500061035156,83.01000213623047,552.131591796875,37.97419357299805
2015-03-27,115.80203247070312,370.55999755859375,83.30000305175781,545.3389892578125,37.7530403137207
2015-03-30,118.73350524902344,374.5899963378906,83.19999694824219,549.0087890625,37.74382781982422
2015-03-31,116.91070556640625,372.1000061035156,82.22000122070312,545.0008544921875,37.46738052368164
2015-04-01,116.74159240722656,370.260009765625,81.66999816894531,539.590576171875,37.52267074584961
2015-04-02,117.74693298339844,372.25,81.55999755859375,532.5990600585938,37.126426696777344
2015-04-06,119.65425872802734,377.0400085449219,82.44000244140625,533.8273315429688,38.287498474121094
2015-04-07,118.39524841308594,374.4100036621094,82.31999969482422,534.0809326171875,38.2690544128418
2015-04-08,118.010009765625,381.20001220703125,82.27999877929688,538.6458129882812,38.16770553588867
2015-04-09,118.91200256347656,383.5400085449219,82.16999816894531,537.8203735351562,38.22299575805664
2015-04-10,119.41937255859375,382.6499938964844,82.04000091552734,537.0545654296875,38.44414520263672
2015-04-13,119.18448638916016,382.3599853515625,83.01000213623047,536.2191772460938,38.48100280761719
2015-04-14,118.667724609375,385.1099853515625,83.5199966430664,527.4871826171875,38.37964630126953
2015-04-15,119.11871337890625,383.45001220703125,82.70999908447266,529.6178588867188,38.941741943359375
2015-04-16,118.54557037353516,386.0400085449219,82.30999755859375,530.8785400390625,38.8495979309082
2015-04-17,117.21138000488281,375.55999755859375,80.77999877929688,521.181884765625,38.35198974609375
2015-04-20,119.88915252685547,389.510009765625,83.08999633789062,532.4498901367188,39.54070281982422
2015-04-21,119.2408676147461,391.17999267578125,83.62000274658203,531.0499877929688,39.29191207885742
2015-04-22,120.8475112915039,389.79998779296875,84.62999725341797,536.4130859375,39.61443328857422
2015-04-23,121.83407592773438,389.989990234375,82.41000366210938,544.0062866210938,39.93694305419922
2015-04-24,122.4072036743164,445.1000061035156,81.52999877929688,561.9674682617188,44.11124801635742
2015-04-27,124.63396453857422,438.55999755859375,81.91000366210938,555.3699951171875,44.25868606567383
2015-04-28,122.67029571533203,429.30999755859375,80.68000030517578,553.6799926757812,45.299949645996094
2015-04-29,120.86631774902344,429.3699951171875,80.47000122070312,549.0800170898438,45.20780944824219
2015-04-30,117.58721160888672,421.7799987792969,78.7699966430664,537.3400268554688,44.82078552246094
2015-05-01,121.15758514404297,422.8699951171875,78.98999786376953,537.9000244140625,44.83921432495117
2015-05-04,120.92268371582031,423.0400085449219,78.80999755859375,540.780029296875,44.45220184326172
2015-05-05,118.19794464111328,421.19000244140625,77.55999755859375,530.7999877929688,43.862449645996094
2015-05-06,117.4556655883789,419.1000061035156,78.0999984741211,524.219970703125,42.646095275878906
2015-05-07,118.18216705322266,426.8800048828125,78.43000030517578,530.7000122070312,43.033119201660156
2015-05-08,120.40882110595703,433.69000244140625,78.51000213623047,538.219970703125,44.000667572021484
2015-05-11,119.18225860595703,432.8500061035156,78.01000213623047,535.7000122070312,43.65050506591797
2015-05-12,118.7576904296875,431.0199890136719,77.45999908447266,529.0399780273438,43.632083892822266
2015-05-13,118.88978576660156,426.8699951171875,78.44000244140625,529.6199951171875,43.89009475708008
2015-05-14,121.66365814208984,432.2799987792969,81.37000274658203,538.4000244140625,44.89450454711914
2015-05-15,121.49383544921875,426.0,80.41999816894531,533.8499755859375,44.507484436035156
2015-05-18,122.83360290527344,425.239990234375,80.87999725341797,532.2999877929688,44.240257263183594
2015-05-19,122.72038269042969,421.7099914550781,80.62999725341797,537.3599853515625,44.12895965576172
2015-05-20,122.71092987060547,423.8599853515625,80.55000305175781,539.27001953125,44.12895965576172
2015-05-21,123.96578979492188,431.6300048828125,80.4800033569336,542.510009765625,43.98055648803711
2015-05-22,125.05081939697266,427.6300048828125,80.54000091552734,540.1099853515625,43.49827575683594
2015-05-26,122.2957992553711,425.4700012207031,79.33000183105469,532.3200073242188,43.21076583862305
2015-05-27,124.57906341552734,431.4200134277344,80.55000305175781,539.7899780273438,44.15679168701172
2015-05-28,124.333740234375,426.57000732421875,80.1500015258789,539.780029296875,44.00838851928711
2015-05-29,122.91851043701172,429.2300109863281,79.19000244140625,532.1099853515625,43.461181640625
2015-06-01,123.16381072998047,430.9200134277344,80.29000091552734,533.989990234375,43.8043327331543
2015-06-02,122.6166000366211,430.989990234375,80.44000244140625,539.1799926757812,43.5168342590332
2015-06-03,122.76753997802734,436.5899963378906,82.44000244140625,540.3099975585938,43.451908111572266
2015-06-04,122.05049133300781,430.7799987792969,82.05000305175781,536.7000122070312,42.99744415283203
2015-06-05,121.380615234375,426.95001220703125,82.13999938964844,533.3300170898438,42.79340744018555
2015-06-08,120.57862854003906,423.5,80.66999816894531,526.8300170898438,42.41314697265625
2015-06-09,120.22010803222656,425.4800109863281,80.66999816894531,526.6900024414062,42.33893966674805
2015-06-10,121.59762573242188,430.7699890136719,82.16000366210938,536.6900024414062,43.22931671142578
2015-06-11,121.32400512695312,432.9700012207031,81.83000183105469,534.6099853515625,43.071632385253906
2015-06-12,119.98423767089844,429.9200134277344,81.52999877929688,532.3300170898438,42.63572692871094
2015-06-15,119.74836730957031,423.6700134277344,80.70999908447266,527.2000122070312,42.181278228759766
2015-06-16,120.38993835449219,427.260009765625,81.05999755859375,528.1500244140625,42.50589370727539
2015-06-17,120.10689544677734,427.80999755859375,81.79000091552734,529.260009765625,42.63572692871094
2015-06-18,120.65412139892578,439.3900146484375,82.91000366210938,536.72998046875,43.331336975097656
2015-06-19,119.44644165039062,434.9200134277344,82.51000213623047,536.6900024414062,42.75630569458008
2015-06-22,120.39937591552734,436.2900085449219,84.73999786376953,538.1900024414062,42.87688064575195
2015-06-23,119.8521499633789,445.989990234375,87.87999725341797,540.47998046875,42.58008575439453
2015-06-24,120.87113189697266,440.8399963378906,88.86000061035156,537.8400268554688,42.32966995239258
2015-06-25,120.29559326171875,440.1000061035156,87.9800033569336,535.22998046875,42.33893966674805
2015-06-26,119.58797454833984,438.1000061035156,88.01000213623047,531.6900024414062,41.97723388671875
2015-06-29,117.49342346191406,429.8599853515625,85.80000305175781,521.52001953125,41.15177917480469
2015-06-30,118.34255981445312,434.0899963378906,85.7699966430664,520.510009765625,40.94773483276367
2015-07-01,119.44644165039062,437.3900146484375,86.91000366210938,521.8400268554688,41.22598648071289
2015-07-02,119.29548645019531,437.7099914550781,87.29000091552734,523.4000244140625,41.17961120605469
2015-07-06,118.88035583496094,436.0400085449219,87.55000305175781,522.8599853515625,41.17033386230469
2015-07-07,118.5878677368164,436.7200012207031,87.22000122070312,525.02001953125,41.08686065673828
2015-07-08,115.6441650390625,429.70001220703125,85.6500015258789,516.8300170898438,41.031211853027344
2015-07-09,113.28541564941406,434.3900146484375,85.87999725341797,520.6799926757812,41.2909049987793
2015-07-10,116.31404113769531,443.510009765625,87.94999694824219,530.1300048828125,41.37437438964844
2015-07-13,118.55956268310547,455.57000732421875,90.0999984741211,546.5499877929688,42.2369270324707
2015-07-14,118.51238250732422,465.57000732421875,89.68000030517578,561.0999755859375,42.31112289428711
2015-07-15,119.65401458740234,461.19000244140625,89.76000213623047,560.219970703125,42.44096374511719
2015-07-16,121.24852752685547,475.4800109863281,90.8499984741211,579.8499755859375,43.27568054199219
2015-07-17,122.2957992553711,483.010009765625,94.97000122070312,672.9299926757812,43.23858642578125
2015-07-20,124.60736846923828,488.1000061035156,97.91000366210938,663.02001953125,43.5168342590332
2015-07-21,123.3619613647461,488.0,98.38999938964844,662.2999877929688,43.8507194519043
2015-07-22,118.1444320678711,488.2699890136719,97.04000091552734,662.0999755859375,42.2369270324707
2015-07-23,118.08780670166016,482.17999267578125,95.44000244140625,644.280029296875,42.76557540893555
2015-07-24,117.46509552001953,529.4199829101562,96.94999694824219,623.5599975585938,42.607913970947266
2015-07-27,115.83284759521484,531.4099731445312,94.16999816894531,627.260009765625,42.06069564819336
2015-07-28,116.40837860107422,526.030029296875,95.29000091552734,628.0,42.05142593383789
2015-07-29,116.0404281616211,529.0,96.98999786376953,631.9299926757812,42.932525634765625
2015-07-30,115.45545959472656,536.760009765625,95.20999908447266,632.5900268554688,43.479732513427734
2015-07-31,114.4459228515625,536.1500244140625,94.01000213623047,625.6099853515625,43.31278991699219
2015-08-03,111.74754333496094,535.030029296875,94.13999938964844,631.2100219726562,43.41481399536133
2015-08-04,108.16224670410156,531.9000244140625,94.05999755859375,629.25,44.09185791015625
2015-08-05,108.87930297851562,537.010009765625,96.44000244140625,643.780029296875,44.12895965576172
2015-08-06,109.1162338256836,529.4600219726562,95.12000274658203,642.6799926757812,43.23858642578125
2015-08-07,109.48587036132812,522.6199951171875,94.30000305175781,635.2999877929688,43.34989547729492
2015-08-10,113.46649932861328,524.0,94.1500015258789,633.72998046875,43.8970947265625
2015-08-11,107.56190490722656,527.4600219726562,93.62000274658203,660.780029296875,43.0438232421875
2015-08-12,109.22049713134766,525.9099731445312,94.19000244140625,659.5599975585938,43.34989547729492
2015-08-13,109.13519287109375,529.6599731445312,93.43000030517578,656.4500122070312,43.34061050415039
2015-08-14,109.90289306640625,531.52001953125,94.41999816894531,657.1199951171875,43.591026306152344
2015-08-17,111.04021453857422,535.219970703125,93.93000030517578,660.8699951171875,43.8878173828125
2015-08-18,110.41468048095703,535.02001953125,95.16999816894531,656.1300048828125,44.13054275512695
2015-08-19,109.00251770019531,532.9199829101562,95.30999755859375,660.9000244140625,43.51438522338867
2015-08-20,106.76579284667969,515.780029296875,90.55999755859375,646.8300170898438,42.62747573852539
2015-08-21,100.23568725585938,494.4700012207031,86.05999755859375,612.47998046875,40.209495544433594
2015-08-24,97.73359680175781,463.3699951171875,82.08999633789062,589.6099853515625,38.91181182861328
2015-08-25,98.32120513916016,466.3699951171875,83.0,582.0599975585938,37.78217315673828
2015-08-26,103.96041107177734,500.7699890136719,87.19000244140625,628.6199951171875,39.87340545654297
2015-08-27,107.02169036865234,518.3699951171875,89.7300033569336,637.6099853515625,40.984371185302734
2015-08-28,107.37236785888672,518.010009765625,91.01000213623047,630.3800048828125,41.01237869262695
2015-08-31,106.87004852294922,512.8900146484375,89.43000030517578,618.25,40.629608154296875
2015-09-01,102.09331512451172,496.5400085449219,87.2300033569336,597.7899780273438,39.04250717163086
2015-09-02,106.47198486328125,510.54998779296875,89.88999938964844,614.3400268554688,40.48023223876953
2015-09-03,104.6048812866211,504.7200012207031,88.1500015258789,606.25,40.610939025878906
2015-09-04,103.56233215332031,499.0,88.26000213623047,600.7000122070312,39.78004455566406
2015-09-08,106.44355010986328,517.5399780273438,89.52999877929688,614.6599731445312,40.97502899169922
2015-09-09,104.39636993408203,516.8900146484375,90.44000244140625,612.719970703125,40.209495544433594
2015-09-10,106.6899642944336,522.239990234375,91.9800033569336,621.3499755859375,40.41488265991211
2015-09-11,108.24431610107422,529.4400024414062,92.05000305175781,625.77001953125,40.59225845336914
2015-09-14,109.28682708740234,521.3800048828125,92.30999755859375,623.239990234375,40.18148422241211
2015-09-15,110.20616912841797,522.3699951171875,92.9000015258789,635.1400146484375,41.059059143066406
2015-09-16,110.32937622070312,527.3900146484375,93.44999694824219,635.97998046875,41.35780715942383
2015-09-17,107.96944427490234,538.8699951171875,94.33999633789062,642.9000244140625,41.311119079589844
2015-09-18,107.52400207519531,540.260009765625,94.4000015258789,629.25,40.59225845336914
2015-09-21,109.19206237792969,548.3900146484375,95.55000305175781,635.4400024414062,41.180419921875
2015-09-22,107.47660827636719,538.4000244140625,92.95999908447266,622.6900024414062,40.984371185302734
2015-09-23,108.34855651855469,536.0700073242188,93.97000122070312,622.3599853515625,40.956363677978516
2015-09-24,108.9930419921875,533.75,94.41000366210938,625.7999877929688,40.99370193481445
2015-09-25,108.71817779541016,524.25,92.7699966430664,611.969970703125,41.02170944213867
2015-09-28,106.5667495727539,504.05999755859375,89.20999908447266,594.8900146484375,40.41488265991211
2015-09-29,103.36331176757812,496.07000732421875,86.66999816894531,594.969970703125,40.5549201965332
2015-09-30,104.5385513305664,511.8900146484375,89.9000015258789,608.4199829101562,41.32045364379883
2015-10-01,103.85614776611328,520.719970703125,90.94999694824219,611.2899780273438,41.647212982177734
2015-10-02,104.6143569946289,532.5399780273438,92.06999969482422,626.9099731445312,42.543453216552734
2015-10-05,104.99346923828125,543.6799926757812,94.01000213623047,641.469970703125,43.53305435180664
2015-10-06,105.49578094482422,537.47998046875,92.80000305175781,645.4400024414062,43.64508056640625
2015-10-07,104.99346923828125,541.9400024414062,92.4000015258789,642.3599853515625,43.69175720214844
2015-10-08,103.78032684326172,533.1599731445312,92.47000122070312,639.1599731445312,44.29859924316406
2015-10-09,106.26346588134766,539.7999877929688,93.23999786376953,643.6099853515625,43.98117446899414
2015-10-12,105.7706298828125,550.1900024414062,94.26000213623047,646.6699829101562,43.87847900390625
2015-10-13,105.95069885253906,548.9000244140625,94.12000274658203,652.2999877929688,43.77579116821289
2015-10-14,104.45323181152344,544.8300170898438,94.06999969482422,651.1599731445312,43.57973098754883
2015-10-15,106.01705932617188,562.4400024414062,95.95999908447266,661.739990234375,43.887813568115234
2015-10-16,105.2398910522461,570.760009765625,97.54000091552734,662.2000122070312,44.354610443115234
2015-10-19,105.89385223388672,573.1500244140625,98.47000122070312,666.0999755859375,44.45730209350586
2015-10-20,107.82728576660156,560.8800048828125,97.0,650.280029296875,44.59734344482422
2015-10-21,107.81780242919922,555.77001953125,97.11000061035156,642.6099853515625,44.06520080566406
2015-10-22,109.4669189453125,563.9099731445312,99.66999816894531,651.7899780273438,44.84006881713867
2015-10-23,112.85991668701172,599.030029296875,102.19000244140625,702.0,49.358619689941406
2015-10-26,109.25841522216797,608.6099853515625,103.7699966430664,712.780029296875,50.646968841552734
2015-10-27,108.56654357910156,611.010009765625,103.69999694824219,708.489990234375,50.12416076660156
2015-10-28,113.03998565673828,617.0999755859375,104.19999694824219,712.9500122070312,50.394901275634766
2015-10-29,114.23417663574219,626.5499877929688,104.87999725341797,716.9199829101562,49.816078186035156
2015-10-30,113.25798034667969,625.9000244140625,101.97000122070312,710.8099975585938,49.143898010253906
2015-11-02,114.85022735595703,628.3499755859375,103.30999755859375,721.1099853515625,49.70405197143555
2015-11-03,116.16761016845703,625.3099975585938,102.58000183105469,722.1599731445312,50.55362319946289
2015-11-04,115.62739562988281,640.9500122070312,103.94000244140625,728.1099853515625,50.787010192871094
2015-11-05,115.09436798095703,655.6500244140625,108.76000213623047,731.25,50.76833724975586
2015-11-06,115.22762298583984,659.3699951171875,107.0999984741211,733.760009765625,51.272464752197266
2015-11-09,114.76123809814453,655.489990234375,106.48999786376953,724.8900146484375,50.562950134277344
2015-11-10,111.14430236816406,659.6799926757812,107.91000366210938,728.3200073242188,49.956111907958984
2015-11-11,110.51611328125,673.25,109.01000213623047,735.4000244140625,50.086822509765625
2015-11-12,110.14488983154297,665.5999755859375,108.0199966430664,731.22998046875,49.77873992919922
2015-11-13,106.927734375,642.3499755859375,103.94999694824219,717.0,49.33061981201172
2015-11-16,108.67908477783203,647.8099975585938,104.04000091552734,728.9600219726562,50.19884490966797
2015-11-17,108.21269989013672,643.2999877929688,105.12999725341797,725.2999877929688,49.785308837890625
2015-11-18,111.63923645019531,663.5399780273438,107.7699966430664,740.0,50.612396240234375
2015-11-19,113.05744934082031,661.27001953125,106.26000213623047,738.4099731445312,50.696990966796875
2015-11-20,113.55241394042969,668.4500122070312,107.31999969482422,756.5999755859375,50.93196105957031
2015-11-23,112.07708740234375,678.989990234375,106.94999694824219,755.97998046875,50.93196105957031
2015-11-24,113.15264892578125,671.1500244140625,105.73999786376953,748.280029296875,50.988346099853516
2015-11-25,112.3436050415039,675.3400268554688,105.41000366210938,748.1500244140625,50.462013244628906
2015-11-27,112.13420867919922,673.260009765625,105.44999694824219,750.260009765625,50.687583923339844
2015-11-30,112.60059356689453,664.7999877929688,104.23999786376953,742.5999755859375,51.082332611083984
2015-12-01,111.68683624267578,679.0599975585938,107.12000274658203,767.0399780273438,51.9000358581543
2015-12-02,110.67790985107422,676.010009765625,106.06999969482422,762.3800048828125,51.890628814697266
2015-12-03,109.64994049072266,666.25,104.37999725341797,752.5399780273438,50.94135284423828
2015-12-04,113.29541015625,672.6400146484375,106.18000030517578,766.8099975585938,52.54853820800781
2015-12-07,112.58155822753906,669.8300170898438,105.61000061035156,763.25,52.454559326171875
2015-12-08,112.53396606445312,677.3300170898438,106.48999786376953,762.3699951171875,52.435760498046875
2015-12-09,110.0497055053711,664.7899780273438,104.5999984741211,751.6099853515625,51.67445755004883
2015-12-10,110.57320404052734,662.3200073242188,105.41999816894531,749.4600219726562,51.947021484375
2015-12-11,107.7272720336914,640.1500244140625,102.12000274658203,738.8699951171875,50.80977249145508
2015-12-14,107.06099700927734,657.9099731445312,104.66000366210938,747.77001953125,51.82484436035156
2015-12-15,105.16685485839844,658.6400146484375,104.55000305175781,743.4000244140625,51.88123321533203
2015-12-16,105.97589874267578,675.77001953125,106.79000091552734,758.0900268554688,52.755313873291016
2015-12-17,103.72960662841797,670.6500244140625,106.22000122070312,749.4299926757812,52.35116958618164
2015-12-18,100.92173767089844,664.1400146484375,104.04000091552734,739.3099975585938,50.87556457519531
2015-12-21,102.15911102294922,664.510009765625,104.7699966430664,747.77001953125,51.53348159790039
2015-12-22,102.06391906738281,663.1500244140625,105.51000213623047,750.0,52.022212982177734
2015-12-23,103.37743377685547,663.7000122070312,104.62999725341797,750.3099975585938,52.46395492553711
2015-12-24,102.82537841796875,662.7899780273438,105.0199966430664,748.4000244140625,52.322975158691406
2015-12-28,101.6736831665039,675.2000122070312,105.93000030517578,762.510009765625,52.58613967895508
2015-12-29,103.50115966796875,693.969970703125,107.26000213623047,776.5999755859375,53.150062561035156
2015-12-30,102.14958953857422,689.0700073242188,106.22000122070312,771.0,52.924495697021484
2015-12-31,100.18883514404297,675.8900146484375,104.66000366210938,758.8800048828125,52.14440155029297
2016-01-04,100.2745132446289,636.989990234375,102.22000122070312,741.8400268554688,51.505279541015625
2016-01-05,97.76168060302734,633.7899780273438,102.7300033569336,742.5800170898438,51.74024963378906
2016-01-06,95.8485107421875,632.6500244140625,102.97000122070312,743.6199951171875,50.80036926269531
2016-01-07,91.80327606201172,607.9400024414062,97.91999816894531,726.3900146484375,49.03340530395508
2016-01-08,92.2886962890625,607.0499877929688,97.33000183105469,714.469970703125,49.18378448486328
2016-01-11,93.78307342529297,617.739990234375,97.51000213623047,716.030029296875,49.155582427978516
2016-01-12,95.1441650390625,617.8900146484375,99.37000274658203,726.0700073242188,49.60672378540039
2016-01-13,92.69799041748047,581.8099975585938,95.44000244140625,700.5599975585938,48.5352668762207
2016-01-14,94.72537231445312,593.0,98.37000274658203,714.719970703125,49.91688919067383
2016-01-15,92.45051574707031,570.1799926757812,94.97000122070312,694.4500122070312,47.924354553222656
2016-01-19,92.00316619873047,574.47998046875,95.26000213623047,701.7899780273438,47.52021026611328
2016-01-20,92.12689971923828,571.77001953125,94.3499984741211,698.4500122070312,47.73637390136719
2016-01-21,91.6604995727539,575.02001953125,94.16000366210938,706.5900268554688,47.44500732421875
2016-01-22,96.5338363647461,596.3800048828125,97.94000244140625,725.25,49.14618682861328
2016-01-25,94.64923858642578,596.530029296875,97.01000213623047,711.6699829101562,48.676246643066406
2016-01-26,95.1727294921875,601.25,97.33999633789062,713.0399780273438,49.03340530395508
2016-01-27,88.91925048828125,583.3499755859375,94.44999694824219,699.989990234375,48.14052200317383
2016-01-28,89.55697631835938,635.3499755859375,109.11000061035156,730.9600219726562,48.930015563964844
2016-01-29,92.650390625,587.0,112.20999908447266,742.9500122070312,51.77784729003906
2016-02-01,91.78424072265625,574.8099975585938,115.08999633789062,752.0,51.420684814453125
2016-02-02,89.92819213867188,552.0999755859375,114.61000061035156,764.6500244140625,49.81349563598633
2016-02-03,91.70809936523438,531.0700073242188,112.69000244140625,726.9500122070312,49.02400207519531
2016-02-04,92.4449691772461,536.260009765625,110.48999786376953,708.010009765625,48.873626708984375
2016-02-05,89.9759292602539,502.1300048828125,104.06999969482422,683.5700073242188,47.14425277709961
2016-02-08,90.92335510253906,488.1000061035156,99.75,682.739990234375,46.43933868408203
2016-02-09,90.90421295166016,482.07000732421875,99.54000091552734,678.1099853515625,46.31715774536133
2016-02-10,90.2151870727539,490.4800109863281,101.0,684.1199951171875,46.72130584716797
2016-02-11,89.66971588134766,503.82000732421875,101.91000366210938,683.1099853515625,46.70250701904297
2016-02-12,89.9472427368164,507.0799865722656,102.01000213623047,682.4000244140625,47.463802337646484
2016-02-16,92.48324584960938,521.0999755859375,101.61000061035156,691.0,48.36309814453125
2016-02-17,93.89959716796875,534.0999755859375,105.19999694824219,708.4000244140625,49.62211608886719
2016-02-18,92.1196060180664,525.0,103.47000122070312,697.3499755859375,49.40438461303711
2016-02-19,91.90904998779297,534.9000244140625,104.56999969482422,700.9099731445312,49.054134368896484
2016-02-22,92.71292114257812,559.5,107.16000366210938,706.4600219726562,49.83983612060547
2016-02-23,90.61713409423828,552.9400024414062,105.45999908447266,695.8499755859375,48.44830322265625
2016-02-24,91.96646881103516,554.0399780273438,106.87999725341797,699.5599975585938,48.61868667602539
2016-02-25,92.59809875488281,555.1500244140625,108.06999969482422,705.75,49.319190979003906
2016-02-26,92.74163818359375,555.22998046875,107.91999816894531,705.0700073242188,48.5618896484375
2016-02-29,92.53111267089844,552.52001953125,106.91999816894531,697.77001953125,48.164310455322266
2016-03-01,96.20592498779297,579.0399780273438,109.81999969482422,718.8099975585938,49.77357864379883
2016-03-02,96.41646575927734,580.2100219726562,109.94999694824219,718.8499755859375,50.12382507324219
2016-03-03,97.13420867919922,577.489990234375,109.58000183105469,712.4199829101562,49.55584716796875
2016-03-04,98.57926940917969,575.1400146484375,108.38999938964844,710.8900146484375,49.252925872802734
2016-03-07,97.4883041381836,562.7999877929688,105.7300033569336,695.1599731445312,48.306304931640625
2016-03-08,96.68441009521484,560.260009765625,105.93000030517578,693.969970703125,48.893218994140625
2016-03-09,96.77055358886719,559.469970703125,107.51000213623047,705.239990234375,50.01969909667969
2016-03-10,96.81838989257812,558.9299926757812,107.31999969482422,712.8200073242188,49.2718620300293
2016-03-11,97.86152648925781,569.6099853515625,109.41000366210938,726.8200073242188,50.237422943115234
2016-03-14,98.1103286743164,573.3699951171875,109.88999938964844,730.489990234375,50.332088470458984
2016-03-15,100.08172607421875,577.02001953125,110.66999816894531,728.3300170898438,50.72966003417969
2016-03-16,101.41195678710938,574.27001953125,112.18000030517578,736.0900268554688,51.449100494384766
2016-03-17,101.24925994873047,559.4400024414062,111.0199966430664,737.780029296875,51.742549896240234
2016-03-18,101.36408233642578,552.0800170898438,111.44999694824219,737.5999755859375,50.63500213623047
2016-03-21,101.3545150756836,553.97998046875,111.8499984741211,742.0900268554688,50.98525619506836
2016-03-22,102.12968444824219,560.47998046875,112.25,740.75,51.18404006958008
2016-03-23,101.56505584716797,569.6300048828125,112.54000091552734,738.0599975585938,51.08938217163086
2016-03-24,101.12483978271484,582.9500122070312,113.05000305175781,735.2999877929688,51.31657028198242
2016-03-28,100.66549682617188,579.8699951171875,113.69000244140625,733.530029296875,50.682334899902344
2016-03-29,103.04838562011719,593.8599853515625,116.13999938964844,744.77001953125,51.78988265991211
2016-03-30,104.84752655029297,598.6900024414062,114.69999694824219,750.530029296875,52.11174011230469
2016-03-31,104.30203247070312,593.6400146484375,114.0999984741211,744.9500122070312,52.282135009765625
2016-04-01,105.259033203125,598.5,116.05999755859375,749.9099731445312,52.6039924621582
2016-04-04,106.34044647216797,593.1900024414062,112.55000305175781,745.2899780273438,52.471458435058594
2016-04-05,105.08677673339844,586.1400146484375,112.22000122070312,737.7999877929688,51.647891998291016
2016-04-06,106.18730926513672,602.0800170898438,113.70999908447266,745.6900024414062,52.17799758911133
2016-04-07,103.87139892578125,591.4299926757812,113.63999938964844,740.280029296875,51.55323028564453
2016-04-08,103.98623657226562,594.5999755859375,110.62999725341797,739.1500244140625,51.51536178588867
2016-04-11,104.33073425292969,595.9299926757812,108.98999786376953,736.0999755859375,51.41123962402344
2016-04-12,105.6896743774414,603.1699829101562,110.61000061035156,743.0900268554688,51.73309326171875
2016-04-13,107.22086334228516,614.8200073242188,110.51000213623047,751.719970703125,52.395729064941406
2016-04-14,107.27826690673828,620.75,110.83999633789062,753.2000122070312,52.40519714355469
2016-04-15,105.12505340576172,625.8900146484375,109.63999938964844,759.0,52.679718017578125
2016-04-18,102.85699462890625,635.3499755859375,110.44999694824219,766.6099853515625,53.44647979736328
2016-04-19,102.3115005493164,627.9000244140625,112.29000091552734,753.9299926757812,53.380210876464844
2016-04-20,102.52204895019531,632.989990234375,112.41999816894531,752.6699829101562,52.622920989990234
2016-04-21,101.41195678710938,631.0,113.44000244140625,759.1400146484375,52.802772521972656
2016-04-22,101.1344223022461,620.5,110.55999755859375,718.77001953125,49.016273498535156
2016-04-25,100.56021881103516,626.2000122070312,110.0999984741211,723.1500244140625,49.32865905761719
2016-04-26,99.86161041259766,616.8800048828125,108.76000213623047,708.1400146484375,48.69442367553711
2016-04-27,93.61250305175781,606.5700073242188,108.88999938964844,705.8400268554688,48.221107482910156
2016-04-28,90.75110626220703,602.0,116.7300033569336,691.02001953125,47.23661422729492
2016-04-29,89.7079849243164,659.5900268554688,117.58000183105469,693.010009765625,47.208221435546875
2016-05-02,89.6122817993164,683.8499755859375,118.56999969482422,698.2100219726562,47.90871810913086
2016-05-03,91.08604431152344,671.3200073242188,117.43000030517578,692.3599853515625,47.12302017211914
2016-05-04,90.13862609863281,670.9000244140625,118.05999755859375,695.7000122070312,47.208221435546875
2016-05-05,89.77275085449219,659.0900268554688,117.80999755859375,701.4299926757812,47.274478912353516
2016-05-06,89.2720947265625,673.9500122070312,119.48999786376953,711.1199951171875,47.70045852661133
2016-05-09,89.3395004272461,679.75,119.23999786376953,712.9000244140625,47.39754104614258
2016-05-10,89.9460678100586,703.0700073242188,120.5,723.1799926757812,48.29684066772461
2016-05-11,89.06990814208984,713.22998046875,119.5199966430664,715.2899780273438,48.32523727416992
2016-05-12,86.9805908203125,717.9299926757812,120.27999877929688,713.3099975585938,48.76068115234375
2016-05-13,87.1539077758789,709.9199829101562,119.80999755859375,710.8300170898438,48.353633880615234
2016-05-16,90.38896179199219,710.6599731445312,118.66999816894531,716.489990234375,49.0636100769043
2016-05-17,90.01347351074219,695.27001953125,117.3499984741211,706.22998046875,48.14848327636719
2016-05-18,91.04368591308594,697.4500122070312,117.6500015258789,706.6300048828125,48.43446731567383
2016-05-19,90.69705963134766,698.52001953125,116.80999755859375,700.3200073242188,47.967369079589844
2016-05-20,91.67913055419922,702.7999877929688,117.3499984741211,709.739990234375,48.25334167480469
2016-05-23,92.84412384033203,696.75,115.97000122070312,704.239990234375,47.6909294128418
2016-05-24,94.25946807861328,704.2000122070312,117.69999694824219,720.0900268554688,49.17799758911133
2016-05-25,95.9155044555664,708.3499755859375,117.88999938964844,725.27001953125,49.68321990966797
2016-05-26,96.67613220214844,714.9099731445312,119.47000122070312,724.1199951171875,49.463966369628906
2016-05-27,96.61835479736328,712.239990234375,119.37999725341797,732.6599731445312,49.873863220214844
2016-05-31,96.14659881591797,722.7899780273438,118.80999755859375,735.719970703125,50.52206802368164
2016-06-01,94.79865264892578,719.4400024414062,118.77999877929688,734.1500244140625,50.379085540771484
2016-06-02,94.086181640625,728.239990234375,118.93000030517578,730.4000244140625,50.026390075683594
2016-06-03,94.27872467041016,725.5399780273438,118.47000122070312,722.3400268554688,49.36864471435547
2016-06-06,94.96231842041016,726.72998046875,118.79000091552734,716.5499877929688,49.6927490234375
2016-06-07,95.34745025634766,723.739990234375,117.76000213623047,716.6500244140625,49.664146423339844
2016-06-08,95.26080322265625,726.6400146484375,118.38999938964844,728.280029296875,49.606956481933594
2016-06-09,95.94439697265625,727.6500244140625,118.55999755859375,728.5800170898438,49.20659255981445
2016-06-10,95.1549072265625,717.9099731445312,116.62000274658203,719.4099731445312,49.07313537597656
2016-06-13,93.72030639648438,715.239990234375,113.94999694824219,718.3599853515625,47.79578399658203
2016-06-14,93.83582305908203,719.2999877929688,114.94000244140625,718.27001953125,47.500282287597656
2016-06-15,93.52772521972656,714.260009765625,114.5999984741211,718.9199829101562,47.366825103759766
2016-06-16,93.9224853515625,717.510009765625,114.38999938964844,710.3599853515625,48.03409194946289
2016-06-17,91.78504180908203,706.3900146484375,113.0199966430664,691.719970703125,47.786258697509766
2016-06-20,91.5635986328125,714.010009765625,113.37000274658203,693.7100219726562,47.729061126708984
2016-06-21,92.34347534179688,715.8200073242188,114.37999725341797,695.9400024414062,48.796695709228516
2016-06-22,91.99687194824219,710.5999755859375,113.91000366210938,697.4600219726562,48.60605239868164
2016-06-23,92.52640533447266,722.0800170898438,115.08000183105469,701.8699951171875,49.4830322265625
2016-06-24,89.92681884765625,698.9600219726562,112.08000183105469,675.219970703125,47.500282287597656
2016-06-27,88.61737823486328,691.3599853515625,108.97000122070312,668.260009765625,46.16572952270508
2016-06-28,90.10974884033203,707.9500122070312,112.69999694824219,680.0399780273438,47.12851333618164
2016-06-29,90.88963317871094,715.5999755859375,114.16000366210938,684.1099853515625,48.17708969116211
2016-06-30,92.04500579833984,715.6199951171875,114.27999877929688,692.0999755859375,48.77762985229492
2016-07-01,92.32421875,725.6799926757812,114.19000244140625,699.2100219726562,48.76810073852539
2016-07-05,91.45767974853516,728.0999755859375,114.19999694824219,694.9500122070312,48.77762985229492
2016-07-06,91.97761535644531,737.6099853515625,116.69999694824219,697.77001953125,48.977813720703125
2016-07-07,92.37236785888672,736.5700073242188,115.8499984741211,695.3599853515625,48.977813720703125
2016-07-08,93.08484649658203,745.8099975585938,117.23999786376953,705.6300048828125,49.85479736328125
2016-07-11,93.37368774414062,753.780029296875,117.87000274658203,715.0900268554688,50.13124465942383
2016-07-12,93.79731750488281,748.2100219726562,117.93000030517578,720.6400146484375,50.72225570678711
2016-07-13,93.26776885986328,742.6300048828125,116.77999877929688,716.97998046875,51.00822448730469
2016-07-14,95.11637878417969,741.2000122070312,117.29000091552734,720.9500122070312,51.227474212646484
2016-07-15,95.10674285888672,735.4400024414062,116.86000061035156,719.8499755859375,51.18934631347656
2016-07-18,96.11771392822266,736.0700073242188,119.37000274658203,733.780029296875,51.43718719482422
2016-07-19,96.15621948242188,739.9500122070312,120.61000061035156,736.9600219726562,50.60786437988281
2016-07-20,96.24286651611328,745.719970703125,121.91999816894531,741.1900024414062,53.296016693115234
2016-07-21,95.73258209228516,744.4299926757812,120.61000061035156,738.6300048828125,53.191165924072266
2016-07-22,94.9912109375,744.8599853515625,121.0,742.739990234375,53.92516326904297
2016-07-25,93.72030639648438,739.6099853515625,121.62999725341797,739.77001953125,54.07767868041992
2016-07-26,93.07521057128906,735.5900268554688,121.22000122070312,738.4199829101562,54.10627365112305
2016-07-27,99.12167358398438,736.6699829101562,123.33999633789062,741.77001953125,53.56292724609375
2016-07-28,100.45999145507812,752.6099853515625,125.0,745.9099731445312,53.58199691772461
2016-07-29,100.33482360839844,758.8099975585938,123.94000244140625,768.7899780273438,54.0300178527832
2016-08-01,102.10641479492188,767.739990234375,124.30999755859375,772.8800048828125,53.934696197509766
2016-08-02,100.59478759765625,760.5800170898438,123.08999633789062,771.0700073242188,53.934696197509766
2016-08-03,101.85607147216797,754.6400146484375,122.51000213623047,773.1799926757812,54.30645751953125
2016-08-04,102.48529815673828,760.77001953125,124.36000061035156,771.6099853515625,54.70682907104492
2016-08-05,104.0438232421875,765.97998046875,125.1500015258789,782.219970703125,55.25017166137695
2016-08-08,104.90536499023438,766.5599975585938,125.26000213623047,781.760009765625,55.34550094604492
2016-08-09,105.33129119873047,768.3099975585938,125.05999755859375,784.260009765625,55.47895812988281
2016-08-10,104.54720306396484,768.5599975585938,124.87999725341797,784.6799926757812,55.307373046875
2016-08-11,104.47943878173828,771.239990234375,124.9000015258789,784.8499755859375,55.574283599853516
2016-08-12,104.721435546875,772.5599975585938,124.87999725341797,783.219970703125,55.231109619140625
2016-08-15,105.97988891601562,768.489990234375,123.9000015258789,782.4400024414062,55.40269470214844
2016-08-16,105.8830795288086,764.0399780273438,123.30000305175781,777.1400146484375,55.09574890136719
2016-08-17,105.72819519042969,764.6300048828125,124.37000274658203,779.9099731445312,55.21085739135742
2016-08-18,105.5926742553711,764.4600219726562,123.91000366210938,777.5,55.24922561645508
2016-08-19,105.86371612548828,757.3099975585938,123.55999755859375,775.4199829101562,55.268402099609375
2016-08-22,105.04090118408203,759.47998046875,124.1500015258789,772.1500244140625,55.31636047363281
2016-08-23,105.37003326416016,762.4500122070312,124.37000274658203,772.0800170898438,55.52738571166992
2016-08-24,104.57624053955078,757.25,123.4800033569336,769.6400146484375,55.584938049316406
2016-08-25,104.13095092773438,759.219970703125,123.88999938964844,769.4099731445312,55.795955657958984
2016-08-26,103.52108764648438,769.0,124.95999908447266,769.5399780273438,55.66167449951172
2016-08-29,103.40492248535156,771.2899780273438,126.54000091552734,772.1500244140625,55.728816986083984
2016-08-30,102.61113739013672,767.5800170898438,125.83999633789062,769.0900268554688,55.52738571166992
2016-08-31,102.70793914794922,769.1599731445312,126.12000274658203,767.0499877929688,55.11493682861328
2016-09-01,103.31779479980469,770.6199951171875,126.16999816894531,768.780029296875,55.23963165283203
2016-09-02,104.28584289550781,772.4400024414062,126.51000213623047,771.4600219726562,55.31636047363281
2016-09-06,104.25678253173828,788.8699951171875,129.72999572753906,780.0800170898438,55.258819580078125
2016-09-07,104.89568328857422,784.47998046875,131.0500030517578,780.3499755859375,55.30677795410156
2016-09-08,102.14647674560547,784.0599975585938,130.27000427246094,775.3200073242188,55.086158752441406
2016-09-09,99.83289337158203,760.1400146484375,127.0999984741211,759.6599731445312,53.91595458984375
2016-09-12,102.06904602050781,771.489990234375,128.69000244140625,769.02001953125,54.72167205810547
2016-09-13,104.49879455566406,761.010009765625,127.20999908447266,759.6900024414062,54.222896575927734
2016-09-14,108.19666290283203,761.0900268554688,127.7699966430664,762.489990234375,53.96391677856445
2016-09-15,111.87517547607422,769.6900024414062,128.35000610351562,771.760009765625,54.855953216552734
2016-09-16,111.2459716796875,778.52001953125,129.07000732421875,768.8800048828125,54.913509368896484
2016-09-19,109.94880676269531,775.0999755859375,128.64999389648438,765.7000122070312,54.606571197509766
2016-09-20,109.93912506103516,780.219970703125,128.63999938964844,771.4099731445312,54.4914665222168
2016-09-21,109.91976165771484,789.739990234375,129.94000244140625,776.219970703125,55.40269470214844
2016-09-22,110.95555877685547,804.7000122070312,130.0800018310547,787.2100219726562,55.460243225097656
2016-09-23,109.10661315917969,805.75,127.95999908447266,786.9000244140625,55.086158752441406
2016-09-26,109.27118682861328,799.1599731445312,127.30999755859375,774.2100219726562,54.577796936035156
2016-09-27,109.47445678710938,816.1099853515625,128.69000244140625,783.010009765625,55.584938049316406
2016-09-28,110.30697631835938,828.719970703125,129.22999572753906,781.5599975585938,55.66167449951172
2016-09-29,108.59355926513672,829.0499877929688,128.08999633789062,775.010009765625,55.05738830566406
2016-09-30,109.43575286865234,837.3099975585938,128.27000427246094,777.2899780273438,55.24922561645508
2016-10-03,108.92268371582031,836.739990234375,128.77000427246094,772.5599975585938,55.07656478881836
2016-10-04,109.3873519897461,834.030029296875,128.19000244140625,776.4299926757812,54.9039192199707
2016-10-05,109.43575286865234,844.3599853515625,128.47000122070312,776.469970703125,55.287593841552734
2016-10-06,110.2488784790039,841.6599731445312,128.74000549316406,776.8599853515625,55.383514404296875
2016-10-07,110.41344451904297,839.4299926757812,128.99000549316406,775.0800170898438,55.44105911254883
2016-10-10,112.33983612060547,841.7100219726562,130.24000549316406,785.9400024414062,55.671268463134766
2016-10-11,112.58185577392578,831.0,128.8800048828125,783.0700073242188,54.855953216552734
2016-10-12,113.58859252929688,834.0900268554688,129.0500030517578,786.1400146484375,54.77922058105469
2016-10-13,113.2401123046875,829.280029296875,127.81999969482422,778.1900024414062,54.59697723388672
2016-10-14,113.86932373046875,822.9600219726562,127.87999725341797,778.530029296875,55.07656478881836
2016-10-17,113.79188537597656,812.9500122070312,127.54000091552734,779.9600219726562,54.884727478027344
2016-10-18,113.71443939208984,817.6500244140625,128.57000732421875,795.260009765625,55.30677795410156
2016-10-19,113.37562561035156,817.6900024414062,130.11000061035156,801.5,55.18207550048828
2016-10-20,113.31754302978516,810.3200073242188,130.0,796.969970703125,54.913509368896484
2016-10-21,112.87224578857422,818.989990234375,132.07000732421875,799.3699951171875,57.22515106201172
2016-10-24,113.88867950439453,838.0900268554688,133.27999877929688,813.1099853515625,58.510459899902344
2016-10-25,114.46949768066406,835.1799926757812,132.2899932861328,807.6699829101562,58.500877380371094
2016-10-26,111.89453125,822.5900268554688,131.0399932861328,799.0700073242188,58.15555953979492
2016-10-27,110.82003784179688,818.3599853515625,129.69000244140625,795.3499755859375,57.647193908691406
2016-10-28,110.08432006835938,776.3200073242188,131.2899932861328,795.3699951171875,57.426578521728516
2016-10-31,109.91007995605469,789.8200073242188,130.99000549316406,784.5399780273438,57.47454071044922
2016-11-01,107.92562103271484,785.4099731445312,129.5,783.6099853515625,57.359439849853516
2016-11-02,108.02241516113281,765.5599975585938,127.16999816894531,768.7000122070312,57.004539489746094
2016-11-03,106.86456298828125,767.030029296875,120.0,762.1300048828125,56.793514251708984
2016-11-04,105.90128326416016,755.0499877929688,120.75,762.02001953125,56.31392288208008
2016-11-07,107.42889404296875,784.9299926757812,122.1500015258789,782.52001953125,57.95412826538086
2016-11-08,108.06133270263672,787.75,124.22000122070312,790.510009765625,58.00209045410156
2016-11-09,107.8862075805664,771.8800048828125,123.18000030517578,785.3099975585938,57.714332580566406
2016-11-10,104.879638671875,742.3800048828125,120.80000305175781,762.5599975585938,56.3043327331543
2016-11-11,105.50234985351562,739.010009765625,119.0199966430664,754.02001953125,56.611270904541016
2016-11-14,102.85580444335938,719.0700073242188,115.08000183105469,736.0800170898438,55.74800109863281
2016-11-15,104.21800231933594,743.239990234375,117.19999694824219,758.489990234375,56.8488655090332
2016-11-16,107.02023315429688,746.489990234375,116.33999633789062,764.47998046875,57.602088928222656
2016-11-17,106.98131561279297,756.4000244140625,117.79000091552734,771.22998046875,58.55809783935547
2016-11-18,107.08834838867188,760.1599731445312,117.0199966430664,760.5399780273438,58.278053283691406
2016-11-21,108.71326446533203,780.0,121.7699966430664,769.2000122070312,58.77054214477539
2016-11-22,108.7813720703125,785.3300170898438,121.47000122070312,768.27001953125,59.02161407470703
2016-11-23,108.22676086425781,780.1199951171875,120.83999633789062,760.989990234375,58.32633972167969
2016-11-25,108.7716293334961,780.3699951171875,120.37999725341797,761.6799926757812,58.451866149902344
2016-11-28,108.55757904052734,766.77001953125,120.41000366210938,768.239990234375,58.52912139892578
2016-11-29,108.45054626464844,762.52001953125,120.87000274658203,770.8400268554688,58.99264144897461
2016-11-30,107.53591918945312,750.5700073242188,118.41999816894531,758.0399780273438,58.19113540649414
2016-12-01,106.53373718261719,743.6500244140625,115.0999984741211,747.9199829101562,57.16752624511719
2016-12-02,106.93267822265625,740.3400268554688,115.4000015258789,750.5,57.21581268310547
2016-12-05,106.16399383544922,759.3599853515625,117.43000030517578,762.52001953125,58.15251922607422
2016-12-06,106.98131561279297,764.719970703125,117.30999755859375,759.1099853515625,57.89178466796875
2016-12-07,108.03215026855469,770.4199829101562,117.94999694824219,771.1900024414062,59.26303482055664
2016-12-08,109.09272766113281,767.3300170898438,118.91000366210938,776.4199829101562,58.91539001464844
2016-12-09,110.87332153320312,768.6599731445312,119.68000030517578,789.2899780273438,59.842430114746094
2016-12-12,110.2408676147461,760.1199951171875,117.7699966430664,789.27001953125,60.03556442260742
2016-12-13,112.079833984375,774.3400268554688,120.30999755859375,796.0999755859375,60.817752838134766
2016-12-14,112.079833984375,768.8200073242188,120.20999908447266,797.0700073242188,60.52805709838867
2016-12-15,112.69282531738281,761.0,120.56999969482422,797.8499755859375,60.431488037109375
2016-12-16,112.8387680053711,757.77001953125,119.87000274658203,790.7999877929688,60.161094665527344
2016-12-19,113.49068450927734,766.0,119.23999786376953,794.2000122070312,61.43578338623047
2016-12-20,113.79231262207031,771.219970703125,119.08999633789062,796.4199829101562,61.3585319519043
2016-12-21,113.89933776855469,770.5999755859375,119.04000091552734,794.5599975585938,61.3585319519043
2016-12-22,113.15013885498047,766.3400268554688,117.4000015258789,791.260009765625,61.36819076538086
2016-12-23,113.37391662597656,760.5900268554688,117.2699966430664,789.9099731445312,61.06883239746094
2016-12-27,114.09394836425781,771.4000244140625,118.01000213623047,791.5499877929688,61.107452392578125
2016-12-28,113.6074447631836,772.1300048828125,116.91999816894531,785.0499877929688,60.82741165161133
2016-12-29,113.5782470703125,765.1500244140625,116.3499984741211,782.7899780273438,60.74050521850586
2016-12-30,112.69282531738281,749.8699951171875,115.05000305175781,771.8200073242188,60.006587982177734
2017-01-03,113.013916015625,753.6699829101562,116.86000061035156,786.1400146484375,60.431488037109375
2017-01-04,112.88741302490234,757.1799926757812,118.69000244140625,786.9000244140625,60.161094665527344
2017-01-05,113.46150207519531,780.4500122070312,120.66999816894531,794.02001953125,60.161094665527344
2017-01-06,114.72640228271484,795.989990234375,123.41000366210938,806.1500244140625,60.682559967041016
2017-01-09,115.77723693847656,796.9199829101562,124.9000015258789,806.6500244140625,60.48942947387695
2017-01-10,115.89399719238281,795.9000244140625,124.3499984741211,804.7899780273438,60.47011184692383
2017-01-11,116.51670837402344,799.02001953125,126.08999633789062,807.9099731445312,61.02054214477539
2017-01-12,116.03021240234375,813.6400146484375,126.62000274658203,806.3599853515625,60.4604606628418
2017-01-13,115.82588195800781,817.1400146484375,128.33999633789062,807.8800048828125,60.54737091064453
2017-01-17,116.75997161865234,809.719970703125,127.87000274658203,804.6099853515625,60.38320541381836
2017-01-18,116.75022888183594,807.47998046875,127.91999816894531,806.0700073242188,60.35424041748047
2017-01-19,116.5458984375,809.0399780273438,127.55000305175781,802.1749877929688,60.161094665527344
2017-01-20,116.75997161865234,808.3300170898438,127.04000091552734,805.02001953125,60.58599853515625
2017-01-23,116.83779907226562,817.8800048828125,128.92999267578125,819.3099975585938,60.798439025878906
2017-01-24,116.73077392578125,822.4400024414062,129.3699951171875,823.8699951171875,61.3392219543457
2017-01-25,118.58919525146484,836.52001953125,131.47999572753906,835.6699829101562,61.49372863769531
2017-01-26,118.6475830078125,839.1500244140625,132.77999877929688,832.1500244140625,62.06346130371094
2017-01-27,118.65730285644531,835.77001953125,132.17999267578125,823.3099975585938,63.521629333496094
2017-01-30,118.345947265625,830.3800048828125,130.97999572753906,802.3200073242188,62.89393615722656
2017-01-31,118.07351684570312,823.47998046875,130.32000732421875,796.7899780273438,62.430423736572266
2017-02-01,125.2737045288086,832.3499755859375,133.22999572753906,795.6950073242188,61.397159576416016
2017-02-02,125.05965423583984,839.9500122070312,130.83999633789062,798.530029296875,61.0012321472168
2017-02-03,125.59480285644531,810.2000122070312,130.97999572753906,801.489990234375,61.49372863769531
2017-02-06,126.77212524414062,807.6400146484375,132.05999755859375,801.3400268554688,61.45509719848633
2017-02-07,127.97863006591797,812.5,131.83999633789062,806.969970703125,61.2523078918457
2017-02-08,128.47486877441406,819.7100219726562,134.1999969482422,808.3800048828125,61.165401458740234
2017-02-09,129.40322875976562,821.3599853515625,134.13999938964844,809.5599975585938,61.86067199707031
2017-02-10,129.11007690429688,827.4600219726562,134.19000244140625,813.6699829101562,61.80274200439453
2017-02-13,130.25341796875,836.530029296875,134.0500030517578,819.239990234375,62.49802017211914
2017-02-14,131.9440155029297,836.3900146484375,133.85000610351562,820.4500122070312,62.73118591308594
2017-02-15,132.42283630371094,842.7000122070312,133.44000244140625,818.97998046875,62.69232177734375
2017-02-16,132.26649475097656,844.1400146484375,133.83999633789062,824.1599731445312,62.68260192871094
2017-02-17,132.62806701660156,845.0700073242188,133.52999877929688,828.0700073242188,62.77975845336914
2017-02-21,133.58572387695312,856.4400024414062,133.72000122070312,831.6599731445312,62.65346145629883
2017-02-22,133.98638916015625,855.6099853515625,136.1199951171875,830.760009765625,62.527164459228516
2017-02-23,133.4196014404297,852.1900024414062,135.36000061035156,831.3300170898438,62.77975845336914
2017-02-24,133.54666137695312,845.239990234375,135.44000244140625,828.6400146484375,62.77975845336914
2017-02-27,133.8104705810547,848.6400146484375,136.41000366210938,829.280029296875,62.40087127685547
2017-02-28,133.86911010742188,845.0399780273438,135.5399932861328,823.2100219726562,62.15798568725586
2017-03-01,136.60533142089844,853.0800170898438,137.4199981689453,835.239990234375,63.09065246582031
2017-03-02,135.79425048828125,848.9099731445312,136.75999450683594,830.6300048828125,62.1871337890625
2017-03-03,136.59556579589844,849.8800048828125,137.1699981689453,829.0800170898438,62.42029571533203
2017-03-06,136.1655731201172,846.6099853515625,137.4199981689453,827.780029296875,62.439720153808594
2017-03-07,136.3414764404297,846.02001953125,137.3000030517578,831.9099731445312,62.5660285949707
2017-03-08,135.83334350585938,850.5,137.72000122070312,835.3699951171875,63.13922119140625
2017-03-09,135.52059936523438,853.0,138.24000549316406,838.6799926757812,62.886627197265625
2017-03-10,135.9701385498047,852.4600219726562,138.7899932861328,843.25,63.080928802490234
2017-03-13,136.02874755859375,854.5900268554688,139.60000610351562,845.5399780273438,62.86719512939453
2017-03-14,135.82354736328125,852.530029296875,139.32000732421875,845.6199951171875,62.575740814208984
2017-03-15,137.26007080078125,852.969970703125,139.72000122070312,847.2000122070312,62.90605926513672
2017-03-16,137.4848175048828,853.4199829101562,139.99000549316406,848.780029296875,62.7991943359375
2017-03-17,136.80079650878906,852.3099975585938,139.83999633789062,852.1199951171875,63.02264404296875
2017-03-20,138.2373046875,856.969970703125,139.94000244140625,848.4000244140625,63.080928802490234
2017-03-21,136.65419006347656,843.2000122070312,138.50999450683594,830.4600219726562,62.38143539428711
2017-03-22,138.19821166992188,848.0599975585938,139.58999633789062,829.5900268554688,63.17808151245117
2017-03-23,137.70957946777344,847.3800048828125,139.52999877929688,817.5800170898438,63.02264404296875
2017-03-24,137.43597412109375,845.6099853515625,140.33999633789062,814.4299926757812,63.129512786865234
2017-03-27,137.6705322265625,846.8200073242188,140.32000732421875,819.510009765625,63.246089935302734
2017-03-28,140.52398681640625,856.0,141.75999450683594,820.9199829101562,63.4306755065918
2017-03-29,140.83670043945312,874.3200073242188,142.64999389648438,831.4099731445312,63.60554504394531
2017-03-30,140.65101623535156,876.3400268554688,142.41000366210938,831.5,63.83872604370117
2017-03-31,140.38717651367188,886.5399780273438,142.0500030517578,829.5599975585938,63.984439849853516
2017-04-03,140.42625427246094,891.510009765625,142.27999877929688,838.5499877929688,63.68328094482422
2017-04-04,141.4718780517578,906.8300170898438,141.72999572753906,834.5700073242188,63.85816192626953
2017-04-05,140.73898315429688,909.280029296875,141.85000610351562,831.4099731445312,63.692989349365234
2017-04-06,140.38717651367188,898.280029296875,141.1699981689453,827.8800048828125,63.85816192626953
2017-04-07,140.074462890625,894.8800048828125,140.77999877929688,824.6699829101562,63.80958557128906
2017-04-10,139.9083251953125,907.0399780273438,141.0399932861328,824.72998046875,63.66384506225586
2017-04-11,138.40342712402344,902.3599853515625,139.9199981689453,823.3499755859375,63.61526870727539
2017-04-12,138.56954956054688,896.22998046875,139.5800018310547,824.3200073242188,63.37238693237305
2017-04-13,137.8366241455078,884.6699829101562,139.38999938964844,823.5599975585938,63.10035705566406
2017-04-17,138.59886169433594,901.989990234375,141.4199981689453,837.1699829101562,63.61526870727539
2017-04-18,137.9832000732422,903.780029296875,140.9600067138672,836.8200073242188,63.52783966064453
2017-04-19,137.4750518798828,899.2000122070312,142.27000427246094,838.2100219726562,63.18780517578125
2017-04-20,139.19496154785156,902.0599975585938,143.8000030517578,841.6500244140625,63.634700775146484
2017-04-21,139.0288543701172,898.530029296875,143.67999267578125,843.1900024414062,64.50906372070312
2017-04-24,140.3676300048828,907.4099731445312,145.47000122070312,862.760009765625,65.60688781738281
2017-04-25,141.2373504638672,907.6199951171875,146.49000549316406,872.2999877929688,65.98578643798828
2017-04-26,140.40672302246094,909.2899780273438,146.55999755859375,871.72998046875,65.89834594726562
2017-04-27,140.51419067382812,918.3800048828125,147.6999969482422,874.25,66.32581329345703
2017-04-28,140.37738037109375,924.989990234375,150.25,905.9600219726562,66.5103988647461
2017-05-01,143.2406463623047,948.22998046875,152.4600067138672,912.5700073242188,67.43335723876953
2017-05-02,144.14947509765625,946.9400024414062,152.77999877929688,916.4400024414062,67.32648468017578
2017-05-03,143.70970153808594,941.030029296875,151.8000030517578,927.0399780273438,67.11275482177734
2017-05-04,143.1917724609375,937.530029296875,150.85000610351562,931.6599731445312,66.85043334960938
2017-05-05,145.56642150878906,934.1500244140625,150.24000549316406,927.1300048828125,67.03502655029297
2017-05-08,149.52413940429688,949.0399780273438,151.05999755859375,934.2999877929688,66.97673797607422
2017-05-09,150.48184204101562,952.8200073242188,150.47999572753906,932.1699829101562,67.07389068603516
2017-05-10,149.76844787597656,948.9500122070312,150.2899932861328,928.780029296875,67.33619689941406
2017-05-11,151.06370544433594,947.6199951171875,150.0399932861328,930.5999755859375,66.5103988647461
2017-05-12,153.17340087890625,961.3499755859375,150.3300018310547,932.219970703125,66.43267822265625
2017-05-15,152.78089904785156,957.969970703125,150.19000244140625,937.0800170898438,66.48125457763672
2017-05-16,152.55523681640625,966.0700073242188,149.77999877929688,943.0,67.81988525390625
2017-05-17,147.43307495117188,944.760009765625,144.85000610351562,919.6199951171875,65.93408966064453
2017-05-18,149.68014526367188,958.489990234375,147.66000366210938,930.239990234375,66.1588134765625
2017-05-19,150.1903839111328,959.8400268554688,148.05999755859375,934.010009765625,66.1392822265625
2017-05-22,151.1029815673828,970.6699829101562,148.24000549316406,941.8599853515625,66.88185119628906
2017-05-23,150.91651916503906,971.5399780273438,148.07000732421875,948.8200073242188,67.10660552978516
2017-05-24,150.46514892578125,980.3499755859375,150.0399932861328,954.9600219726562,67.19453430175781
2017-05-25,150.98519897460938,993.3800048828125,151.9600067138672,969.5399780273438,68.02507019042969
2017-05-26,150.73007202148438,995.780029296875,152.1300048828125,971.469970703125,68.35726928710938
2017-05-30,150.78895568847656,996.7000122070312,152.3800048828125,975.8800048828125,68.7969741821289
2017-05-31,149.89601135253906,994.6199951171875,151.4600067138672,964.8599853515625,68.24002075195312
2017-06-01,150.30813598632812,995.9500122070312,151.52999877929688,966.9500122070312,68.49406433105469
2017-06-02,152.5355987548828,1006.72998046875,153.61000061035156,975.5999755859375,70.11604309082031
2017-06-05,151.0440673828125,1011.3400268554688,153.6300048828125,983.6799926757812,70.6241226196289
2017-06-06,151.5543212890625,1003.0,152.80999755859375,976.5700073242188,70.8586196899414
2017-06-07,152.45709228515625,1010.0700073242188,153.1199951171875,980.9400024414062,70.73161315917969
2017-06-08,152.08421325683594,1010.27001953125,154.7100067138672,983.4099731445312,70.30168151855469
2017-06-09,146.18687438964844,978.3099975585938,149.60000610351562,949.8300170898438,68.70902252197266
2017-06-12,142.6936492919922,964.9099731445312,148.44000244140625,942.9000244140625,68.181396484375
2017-06-13,143.84169006347656,980.7899780273438,150.67999267578125,953.4000244140625,69.03146362304688
2017-06-14,142.43850708007812,976.469970703125,150.25,950.760009765625,68.66017150878906
2017-06-15,141.58480834960938,964.1699829101562,149.8000030517578,942.3099975585938,68.29865264892578
2017-06-16,139.6027069091797,987.7100219726562,150.63999938964844,939.780029296875,68.3963623046875
2017-06-19,143.59637451171875,995.1699829101562,152.8699951171875,957.3699951171875,69.24642944335938
2017-06-20,142.29132080078125,992.5900268554688,152.25,950.6300048828125,68.30841827392578
2017-06-21,143.13519287109375,1002.22998046875,153.91000366210938,959.4500122070312,68.66017150878906
2017-06-22,142.8997039794922,1001.2999877929688,153.39999389648438,957.0900268554688,68.65040588378906
2017-06-23,143.53750610351562,1003.739990234375,155.07000732421875,965.5900268554688,69.5786361694336
2017-06-26,143.0861358642578,993.97998046875,153.58999633789062,952.27001953125,68.91422271728516
2017-06-27,141.03530883789062,976.780029296875,150.5800018310547,927.3300170898438,67.62445831298828
2017-06-28,143.095947265625,990.3300170898438,153.24000549316406,940.489990234375,68.2009506225586
2017-06-29,140.9862518310547,975.9299926757812,151.0399932861328,917.7899780273438,66.92095184326172
2017-06-30,141.3199005126953,968.0,150.97999572753906,908.72998046875,67.35086822509766
2017-07-03,140.80963134765625,953.6599731445312,148.42999267578125,898.7000122070312,66.60828399658203
2017-07-05,141.38856506347656,971.4000244140625,150.33999633789062,911.7100219726562,67.4974365234375
2017-07-06,140.05406188964844,965.1400146484375,148.82000732421875,906.6900024414062,66.99911499023438
2017-07-07,141.4768829345703,978.760009765625,151.44000244140625,918.5900268554688,67.86872863769531
2017-07-10,142.3403778076172,996.469970703125,153.5,928.7999877929688,68.37682342529297
2017-07-11,142.80157470703125,994.1300048828125,155.27000427246094,930.0900268554688,68.38658905029297
2017-07-12,143.0076446533203,1006.510009765625,158.89999389648438,943.8300170898438,69.52001953125
2017-07-13,144.99957275390625,1000.6300048828125,159.25999450683594,947.1599731445312,70.12580108642578
2017-07-14,146.24574279785156,1001.8099975585938,159.97000122070312,955.989990234375,71.1126708984375
2017-07-17,146.75601196289062,1010.0399780273438,159.72999572753906,953.4199829101562,71.66960906982422
2017-07-18,147.2662811279297,1024.449951171875,162.86000061035156,965.4000244140625,71.62076568603516
2017-07-19,148.1886444091797,1026.8699951171875,164.13999938964844,970.8900146484375,72.16793060302734
2017-07-20,147.52139282226562,1028.699951171875,164.52999877929688,968.1500244140625,72.5196762084961
2017-07-21,147.4527130126953,1025.6700439453125,164.42999267578125,972.9199829101562,72.09953308105469
2017-07-24,149.23858642578125,1038.949951171875,166.0,980.3400268554688,71.91388702392578
2017-07-25,149.87640380859375,1039.8699951171875,165.27999877929688,950.7000122070312,72.49037170410156
2017-07-26,150.58291625976562,1052.800048828125,165.61000061035156,947.7999877929688,72.35357666015625
2017-07-27,147.73727416992188,1046.0,170.44000244140625,934.0900268554688,71.48397064208984
2017-07-28,146.6971435546875,1020.0399780273438,172.4499969482422,941.530029296875,71.36671447753906
2017-07-31,145.9415740966797,987.780029296875,169.25,930.5,71.03450012207031
2017-08-01,147.23684692382812,996.1900024414062,169.86000061035156,930.8300170898438,70.91726684570312
2017-08-02,154.19390869140625,995.8900146484375,169.3000030517578,930.3900146484375,70.6045913696289
2017-08-03,152.6533203125,986.9199829101562,168.58999633789062,923.6500244140625,70.49711608886719
2017-08-04,153.45794677734375,987.5800170898438,169.6199951171875,927.9600219726562,71.01496124267578
2017-08-07,155.8325958251953,992.27001953125,171.97999572753906,929.3599853515625,70.74138641357422
2017-08-08,157.0787811279297,989.8400268554688,171.22999572753906,926.7899780273438,71.12245178222656
2017-08-09,158.0404052734375,982.010009765625,171.17999267578125,922.9000244140625,70.80977630615234
2017-08-10,153.00653076171875,956.9199829101562,167.39999389648438,907.239990234375,69.77406311035156
2017-08-11,155.13433837890625,967.989990234375,168.0800018310547,914.3900146484375,70.8390884399414
2017-08-14,157.4690704345703,983.2999877929688,170.75,922.6699829101562,71.90411376953125
2017-08-15,159.19297790527344,982.739990234375,171.0,922.219970703125,71.92375946044922
2017-08-16,158.55267333984375,978.1799926757812,170.0,926.9600219726562,72.34615325927734
2017-08-17,155.50869750976562,960.5700073242188,166.91000366210938,910.97998046875,71.1182861328125
2017-08-18,155.15406799316406,958.469970703125,167.41000366210938,910.6699829101562,71.2066879272461
2017-08-21,154.86837768554688,953.2899780273438,167.77999877929688,906.6599731445312,70.87269592285156
2017-08-22,157.4001007080078,966.9000244140625,169.63999938964844,924.6900024414062,71.86482238769531
2017-08-23,157.59710693359375,958.0,168.7100067138672,927.0,71.43260955810547
2017-08-24,156.89768981933594,952.4500122070312,167.74000549316406,921.280029296875,71.40314483642578
2017-08-25,157.47889709472656,945.260009765625,166.32000732421875,915.8900146484375,71.53083038330078
2017-08-28,159.06491088867188,946.02001953125,167.24000549316406,913.8099975585938,71.54066467285156
2017-08-29,160.48348999023438,954.0599975585938,168.0500030517578,921.2899780273438,71.75677490234375
2017-08-30,160.9169158935547,967.5900268554688,169.9199981689453,929.5700073242188,72.69977569580078
2017-08-31,161.55723571777344,980.5999755859375,171.97000122070312,939.3300170898438,73.4463119506836
2017-09-01,161.6064910888672,978.25,172.02000427246094,937.3400268554688,72.63101959228516
2017-09-05,159.6658477783203,965.27001953125,170.72000122070312,928.4500122070312,72.30684661865234
2017-09-06,159.4983673095703,967.7999877929688,172.08999633789062,927.8099975585938,72.10057830810547
2017-09-07,158.8580322265625,979.469970703125,173.2100067138672,935.9500122070312,73.02393341064453
2017-09-08,156.26722717285156,965.9000244140625,170.9499969482422,926.5,72.6703109741211
2017-09-11,159.09446716308594,977.9600219726562,173.50999450683594,929.0800170898438,73.4365005493164
2017-09-12,158.46401977539062,982.5800170898438,172.9600067138672,932.0700073242188,73.35791778564453
2017-09-13,157.2720184326172,999.5999755859375,173.0500030517578,935.0900268554688,73.87852478027344
2017-09-14,155.9224395751953,992.2100219726562,170.9600067138672,925.1099853515625,73.4463119506836
2017-09-15,157.4986114501953,986.7899780273438,171.63999938964844,920.2899780273438,73.97676086425781
2017-09-18,156.30662536621094,974.1900024414062,170.00999450683594,915.0,73.82942199707031
2017-09-19,156.36572265625,969.8599853515625,172.52000427246094,921.8099975585938,74.10446166992188
2017-09-20,153.74537658691406,973.2100219726562,172.1699981689453,931.5800170898438,73.61331176757812
2017-09-21,151.1052703857422,964.6500244140625,171.11000061035156,932.4500122070312,72.89622497558594
2017-09-22,149.62762451171875,955.0999755859375,170.5399932861328,928.530029296875,73.09269714355469
2017-09-25,148.3075714111328,939.7899780273438,162.8699951171875,920.969970703125,71.96305084228516
2017-09-26,150.8590087890625,938.5999755859375,164.2100067138672,924.8599853515625,71.96305084228516
2017-09-27,151.93276977539062,950.8699951171875,167.67999267578125,944.489990234375,72.54261016845703
2017-09-28,150.99691772460938,956.4000244140625,168.72999572753906,949.5,72.562255859375
2017-09-29,151.8243865966797,961.3499755859375,170.8699951171875,959.1099853515625,73.17127227783203
2017-10-02,151.51902770996094,959.1900024414062,169.47000122070312,953.27001953125,73.28915405273438
2017-10-03,152.1790313720703,957.0999755859375,169.9600067138672,957.7899780273438,72.94535064697266
2017-10-04,151.1939239501953,965.4500122070312,168.4199981689453,951.6799926757812,73.36773681640625
2017-10-05,153.07546997070312,980.8499755859375,171.24000549316406,969.9600219726562,74.62507629394531
2017-10-06,152.98681640625,989.5800170898438,172.22999572753906,978.8900146484375,74.65454864501953
2017-10-09,153.51876831054688,990.989990234375,172.5,977.0,74.93941497802734
2017-10-10,153.57786560058594,987.2000122070312,171.58999633789062,972.5999755859375,74.93941497802734
2017-10-11,154.2182159423828,995.0,172.74000549316406,989.25,75.06710815429688
2017-10-12,153.6763916015625,1000.9299926757812,172.5500030517578,987.8300170898438,75.75472259521484
2017-10-13,154.65164184570312,1002.9400024414062,173.74000549316406,989.6799926757812,76.11817169189453
2017-10-16,157.4986114501953,1006.3400268554688,174.52000427246094,992.0,76.27532958984375
2017-10-17,158.07981872558594,1009.1300048828125,176.11000061035156,992.1799926757812,76.21639251708984
2017-10-18,157.38038635253906,997.0,176.02999877929688,992.8099975585938,76.23604583740234
2017-10-19,153.6566925048828,986.6099853515625,174.55999755859375,984.4500122070312,76.5307388305664
2017-10-20,153.92266845703125,982.9099731445312,174.97999572753906,988.2000122070312,77.414794921875
2017-10-23,153.84385681152344,966.2999877929688,171.27000427246094,968.4500122070312,77.4344482421875
2017-10-24,154.760009765625,975.9000244140625,171.8000030517578,970.5399780273438,77.46392059326172
2017-10-25,154.08030700683594,972.9099731445312,170.60000610351562,973.3300170898438,77.23797607421875
2017-10-26,155.06539916992188,972.4299926757812,170.6300048828125,972.5599975585938,77.36568450927734
2017-10-27,160.6213836669922,1100.949951171875,177.8800048828125,1019.27001953125,82.32628631591797
2017-10-30,164.23672485351562,1110.8499755859375,179.8699951171875,1017.1099853515625,82.40486145019531
2017-10-31,166.5221710205078,1105.280029296875,180.05999755859375,1016.6400146484375,81.70743560791016
2017-11-01,164.40419006347656,1103.6800537109375,182.66000366210938,1025.5,81.70743560791016
2017-11-02,165.60601806640625,1094.219970703125,178.9199981689453,1025.5799560546875,82.5620346069336
2017-11-03,169.93063354492188,1111.5999755859375,178.9199981689453,1032.47998046875,82.65044403076172
2017-11-06,171.65455627441406,1120.6600341796875,180.1699981689453,1025.9000244140625,82.97459411621094
2017-11-07,172.2062225341797,1123.1700439453125,180.25,1033.3299560546875,82.77813720703125
2017-11-08,173.61492919921875,1132.8800048828125,179.55999755859375,1039.8499755859375,83.06299591064453
2017-11-09,173.2602996826172,1129.1300048828125,179.3000030517578,1031.260009765625,82.601318359375
2017-11-10,172.68685913085938,1125.3499755859375,178.4600067138672,1028.0699462890625,82.38522338867188
2017-11-13,171.99481201171875,1129.1700439453125,178.77000427246094,1025.75,82.44415283203125
2017-11-14,169.39466857910156,1136.8399658203125,178.07000732421875,1026.0,82.5620346069336
2017-11-15,167.16033935546875,1126.68994140625,177.9499969482422,1020.9099731445312,81.92033386230469
2017-11-16,169.15740966796875,1137.2900390625,179.58999633789062,1032.5,82.13752746582031
2017-11-17,168.2181854248047,1129.8800048828125,179.0,1019.0900268554688,81.34774017333984
2017-11-20,168.05010986328125,1126.31005859375,178.74000549316406,1018.3800048828125,81.47608184814453
2017-11-21,171.17425537109375,1139.489990234375,181.86000061035156,1034.489990234375,82.65088653564453
2017-11-22,172.9735870361328,1156.1600341796875,180.8699951171875,1035.9599609375,82.04867553710938
2017-11-24,172.9834747314453,1186.0,182.77999877929688,1040.6099853515625,82.19676208496094
2017-11-27,172.11346435546875,1195.8299560546875,183.02999877929688,1054.2099609375,82.7989730834961
2017-11-28,171.10504150390625,1193.5999755859375,182.4199981689453,1047.4100341796875,83.79606628417969
2017-11-29,167.55580139160156,1161.27001953125,175.1300048828125,1021.6599731445312,82.2757339477539
2017-11-30,169.89889526367188,1176.75,177.17999267578125,1021.4099731445312,83.09513854980469
2017-12-01,169.10797119140625,1162.3499755859375,175.10000610351562,1010.1699829101562,83.18399047851562
2017-12-04,167.87217712402344,1133.949951171875,171.47000122070312,998.6799926757812,80.04459381103516
2017-12-05,167.71397399902344,1141.5699462890625,172.8300018310547,1005.1500244140625,80.5480728149414
2017-12-06,167.0911407470703,1152.3499755859375,176.05999755859375,1018.3800048828125,81.72288513183594
2017-12-07,167.3976287841797,1159.7900390625,180.13999938964844,1030.9300537109375,81.43658447265625
2017-12-08,167.44703674316406,1162.0,179.0,1037.050048828125,83.08527374267578
2017-12-11,170.7095947265625,1168.9200439453125,179.0399932861328,1041.0999755859375,84.1416015625
2017-12-12,169.75059509277344,1165.0799560546875,176.9600067138672,1040.47998046875,84.48712921142578
2017-12-13,170.31411743164062,1164.1300048828125,178.3000030517578,1040.6099853515625,84.26007080078125
2017-12-14,170.2646942138672,1174.260009765625,178.38999938964844,1049.1500244140625,83.60850524902344
2017-12-15,171.99481201171875,1179.1400146484375,180.17999267578125,1064.18994140625,85.74091339111328
2017-12-18,174.41700744628906,1190.5799560546875,180.82000732421875,1077.1400146484375,85.27690887451172
2017-12-19,172.558349609375,1187.3800048828125,179.50999450683594,1070.6800537109375,84.73394012451172
2017-12-20,172.37051391601562,1177.6199951171875,177.88999938964844,1064.949951171875,84.42788696289062
2017-12-21,173.0230255126953,1174.760009765625,177.4499969482422,1063.6300048828125,84.40814971923828
2017-12-22,173.0230255126953,1168.3599853515625,177.1999969482422,1060.1199951171875,84.41802215576172
2017-12-26,168.6334228515625,1176.760009765625,175.99000549316406,1056.739990234375,84.3094253540039
2017-12-27,168.66310119628906,1182.260009765625,177.6199951171875,1049.3699951171875,84.61547088623047
2017-12-28,169.1376495361328,1186.0999755859375,177.9199981689453,1048.1400146484375,84.6253433227539
2017-12-29,167.3086395263672,1169.469970703125,176.4600067138672,1046.4000244140625,84.44763946533203
2018-01-02,170.30422973632812,1189.010009765625,181.4199981689453,1065.0,84.85240173339844
2018-01-03,170.27456665039062,1204.199951171875,184.6699981689453,1082.47998046875,85.24729919433594
2018-01-04,171.0655059814453,1209.5899658203125,184.3300018310547,1086.4000244140625,85.99759674072266
2018-01-05,173.01312255859375,1229.1400146484375,186.85000610351562,1102.22998046875,87.06380462646484
2018-01-08,172.37051391601562,1246.8699951171875,188.27999877929688,1106.93994140625,87.15264892578125
2018-01-09,172.35073852539062,1252.699951171875,187.8699951171875,1106.260009765625,87.09342193603516
2018-01-10,172.31118774414062,1254.3299560546875,187.83999633789062,1102.6099853515625,86.69852447509766
2018-01-11,173.28994750976562,1276.6800537109375,187.77000427246094,1105.52001953125,86.95520782470703
2018-01-12,175.0793914794922,1305.199951171875,179.3699951171875,1122.260009765625,88.45580291748047
2018-01-16,174.18963623046875,1304.8599853515625,178.38999938964844,1121.760009765625,87.22175598144531
2018-01-17,177.06658935546875,1295.0,177.60000610351562,1131.97998046875,88.98889923095703
2018-01-18,177.22476196289062,1293.3199462890625,179.8000030517578,1129.7900390625,88.94940948486328
2018-01-19,176.43385314941406,1294.5799560546875,181.2899932861328,1137.510009765625,88.8506851196289
2018-01-22,174.9904327392578,1327.31005859375,185.3699951171875,1155.81005859375,90.44013214111328
2018-01-23,175.02996826171875,1362.5400390625,189.35000610351562,1169.969970703125,90.7264175415039
2018-01-24,172.24197387695312,1357.510009765625,186.5500030517578,1164.239990234375,90.64744567871094
2018-01-25,169.16729736328125,1377.949951171875,187.47999572753906,1170.3699951171875,91.15093231201172
2018-01-26,169.562744140625,1402.050048828125,190.0,1175.8399658203125,92.85884094238281
2018-01-29,166.0530548095703,1417.6800537109375,185.97999572753906,1175.5799560546875,92.72062683105469
2018-01-30,165.0742950439453,1437.8199462890625,187.1199951171875,1163.68994140625,91.55569458007812
2018-01-31,165.52906799316406,1450.8900146484375,186.88999938964844,1169.93994140625,93.79670715332031
2018-02-01,165.87509155273438,1390.0,193.08999633789062,1167.699951171875,93.05628967285156
2018-02-02,158.67774963378906,1429.949951171875,190.27999877929688,1111.9000244140625,90.60794830322266
2018-02-05,154.71328735351562,1390.0,181.25999450683594,1055.800048828125,86.87622833251953
2018-02-06,161.17901611328125,1442.8399658203125,185.30999755859375,1080.5999755859375,90.16370391845703
2018-02-07,157.7286376953125,1416.780029296875,180.17999267578125,1048.5799560546875,88.46566772460938
2018-02-08,153.38848876953125,1350.5,171.5800018310547,1001.52001953125,83.92440795898438
2018-02-09,155.26466369628906,1339.5999755859375,176.11000061035156,1037.780029296875,87.0539321899414
2018-02-12,161.51852416992188,1386.22998046875,176.41000366210938,1051.93994140625,87.99179077148438
2018-02-13,163.13658142089844,1414.510009765625,173.14999389648438,1052.0999755859375,88.68285369873047
2018-02-14,166.14439392089844,1451.050048828125,179.52000427246094,1069.699951171875,90.07147216796875
2018-02-15,171.72325134277344,1461.760009765625,179.9600067138672,1089.52001953125,91.90643310546875
2018-02-16,171.16734313964844,1448.68994140625,177.36000061035156,1094.800048828125,91.25179290771484
2018-02-20,170.5915985107422,1468.3499755859375,176.00999450683594,1102.4599609375,91.9659423828125
2018-02-21,169.8173065185547,1482.9200439453125,177.91000366210938,1111.3399658203125,90.74594116210938
2018-02-22,171.23683166503906,1485.3399658203125,178.99000549316406,1106.6300048828125,90.98399353027344
2018-02-23,174.21485900878906,1500.0,183.2899932861328,1126.7900390625,93.2950439453125
2018-02-26,177.65945434570312,1521.949951171875,184.92999267578125,1143.75,94.64397430419922
2018-02-27,177.08370971679688,1511.97998046875,181.4600067138672,1118.2900390625,93.43389892578125
2018-02-28,176.815673828125,1512.449951171875,178.32000732421875,1104.72998046875,93.00740051269531
2018-03-01,173.71852111816406,1493.449951171875,175.94000244140625,1069.52001953125,92.09487915039062
2018-03-02,174.919677734375,1500.25,176.6199951171875,1078.9200439453125,92.29325866699219
2018-03-05,175.52520751953125,1523.6099853515625,180.39999389648438,1090.9300537109375,92.87845611572266
2018-03-06,175.3762969970703,1537.6400146484375,179.77999877929688,1095.06005859375,92.5610580444336
2018-03-07,173.74830627441406,1545.0,183.7100067138672,1109.6400146484375,93.09667205810547
2018-03-08,175.64431762695312,1551.8599853515625,182.33999633789062,1126.0,93.66203308105469
2018-03-09,178.66204833984375,1578.8900146484375,185.22999572753906,1160.0400390625,95.75487518310547
2018-03-12,180.38931274414062,1598.3900146484375,184.75999450683594,1164.5,95.98300170898438
2018-03-13,178.65213012695312,1588.1800537109375,181.8800048828125,1138.1700439453125,93.64220428466797
2018-03-14,177.13333129882812,1591.0,184.19000244140625,1149.489990234375,93.08674621582031
2018-03-15,177.34178161621094,1582.3199462890625,183.86000061035156,1149.5799560546875,93.41407012939453
2018-03-16,176.71641540527344,1571.6800537109375,185.08999633789062,1135.72998046875,93.83065032958984
2018-03-19,174.01634216308594,1544.9300537109375,172.55999755859375,1099.8199462890625,92.13455200195312
2018-03-20,173.95677185058594,1586.510009765625,168.14999389648438,1097.7099609375,92.37260437011719
2018-03-21,170.01583862304688,1581.8599853515625,169.38999938964844,1090.8800048828125,91.72789001464844
2018-03-22,167.61355590820312,1544.9200439453125,164.88999938964844,1049.0799560546875,89.05976867675781
2018-03-23,163.73219299316406,1495.56005859375,159.38999938964844,1021.5700073242188,86.47099304199219
2018-03-26,171.50486755371094,1555.8599853515625,160.05999755859375,1053.2099609375,93.01731872558594
2018-03-27,167.1072998046875,1497.050048828125,152.22000122070312,1005.0999755859375,88.74237060546875
2018-03-28,165.2609100341797,1431.4200439453125,153.02999877929688,1004.5599975585938,88.66301727294922
2018-03-29,166.5513916015625,1447.3399658203125,159.7899932861328,1031.7900390625,90.5277328491211
2018-04-02,165.45944213867188,1371.989990234375,155.38999938964844,1006.469970703125,87.80008697509766
2018-04-03,167.15692138671875,1392.050048828125,156.11000061035156,1013.4099731445312,88.98041534423828
2018-04-04,170.35336303710938,1410.5699462890625,155.10000610351562,1025.1400146484375,91.57910919189453
2018-04-05,171.53463745117188,1451.75,159.33999633789062,1027.81005859375,91.62870025634766
2018-04-06,167.1470184326172,1405.22998046875,157.1999969482422,1007.0399780273438,89.4961929321289
2018-04-09,168.80477905273438,1406.0799560546875,157.92999267578125,1015.4500122070312,90.03179931640625
2018-04-10,171.98133850097656,1436.219970703125,165.0399932861328,1031.6400146484375,92.1246337890625
2018-04-11,171.17727661132812,1427.050048828125,166.32000732421875,1019.969970703125,91.11293029785156
2018-04-12,172.8648223876953,1448.5,163.8699951171875,1032.510009765625,92.8189468383789
2018-04-13,173.45050048828125,1430.7900390625,164.52000427246094,1029.27001953125,92.32301330566406
2018-04-16,174.53253173828125,1441.5,164.8300018310547,1037.97998046875,93.40414428710938
2018-04-17,176.93479919433594,1503.8299560546875,168.66000366210938,1074.1600341796875,95.2886962890625
2018-04-18,176.5377197265625,1527.8399658203125,166.36000061035156,1072.0799560546875,95.65568542480469
2018-04-19,171.53463745117188,1556.9100341796875,168.10000610351562,1087.699951171875,95.328369140625
2018-04-20,164.5064697265625,1527.489990234375,166.27999877929688,1072.9599609375,94.2273941040039
2018-04-23,164.02999877929688,1517.8599853515625,165.83999633789062,1067.449951171875,94.57454681396484
2018-04-24,161.74684143066406,1460.0899658203125,159.69000244140625,1019.97998046875,92.36268615722656
2018-04-25,162.45162963867188,1460.1700439453125,159.69000244140625,1021.1799926757812,91.55927276611328
2018-04-26,163.01747131347656,1517.9599609375,174.16000366210938,1040.0400390625,93.49342346191406
2018-04-27,161.13137817382812,1572.6199951171875,173.58999633789062,1030.050048828125,95.04072570800781
2018-04-30,164.04983520507812,1566.1300048828125,172.0,1017.3300170898438,92.75942993164062
2018-05-01,167.86172485351562,1582.260009765625,173.86000061035156,1037.31005859375,94.2273941040039
2018-05-02,175.27703857421875,1569.6800537109375,176.07000732421875,1024.3800048828125,92.74951934814453
2018-05-03,175.5946807861328,1572.0799560546875,174.02000427246094,1023.719970703125,93.30496215820312
2018-05-04,182.48385620117188,1580.949951171875,176.61000061035156,1048.2099609375,94.38609313964844
2018-05-07,183.8041229248047,1600.1400146484375,177.97000122070312,1054.7900390625,95.4374771118164
2018-05-08,184.68760681152344,1592.3900146484375,178.9199981689453,1053.9100341796875,95.03080749511719
2018-05-09,185.98802185058594,1608.0,182.66000366210938,1082.760009765625,96.15162658691406
2018-05-10,188.6483917236328,1609.0799560546875,185.52999877929688,1097.5699462890625,97.11373901367188
2018-05-11,187.930908203125,1602.9100341796875,186.99000549316406,1098.260009765625,96.90544128417969
2018-05-14,187.492431640625,1601.5400390625,186.63999938964844,1100.199951171875,97.23275756835938
2018-05-15,185.78842163085938,1576.1199951171875,184.32000732421875,1079.22998046875,96.52853393554688
2018-05-16,187.52232360839844,1587.280029296875,183.1999969482422,1081.77001953125,96.77757263183594
2018-05-17,186.3365020751953,1581.760009765625,183.75999450683594,1078.5899658203125,95.81129455566406
2018-05-18,185.65887451171875,1574.3699951171875,182.67999267578125,1066.3599853515625,95.9906005859375
2018-05-21,186.97425842285156,1585.4599609375,184.49000549316406,1079.5799560546875,97.22584533691406
2018-05-22,186.5059051513672,1581.4000244140625,183.8000030517578,1069.72998046875,97.12622833251953
2018-05-23,187.7017059326172,1601.8599853515625,186.89999389648438,1079.68994140625,98.28178405761719
2018-05-24,187.492431640625,1603.0699462890625,185.92999267578125,1079.239990234375,97.93312072753906
2018-05-25,187.9209442138672,1610.1500244140625,184.9199981689453,1075.6600341796875,97.9829330444336
2018-05-29,187.24331665039062,1612.8699951171875,185.74000549316406,1060.3199462890625,97.63427734375
2018-05-30,186.84471130371094,1624.8900146484375,187.6699981689453,1067.800048828125,98.57067108154297
2018-05-31,186.21690368652344,1629.6199951171875,191.77999877929688,1084.989990234375,98.46109008789062
2018-06-01,189.5751495361328,1641.5400390625,193.99000549316406,1119.5,100.40361785888672
2018-06-04,191.15957641601562,1665.27001953125,193.27999877929688,1139.2900390625,101.28024291992188
2018-06-05,192.6343994140625,1696.3499755859375,192.94000244140625,1139.6600341796875,101.79825592041016
2018-06-06,193.30206298828125,1695.75,191.33999633789062,1136.8800048828125,102.09709930419922
2018-06-07,192.7838897705078,1689.300048828125,188.17999267578125,1123.8599853515625,100.49327087402344
2018-06-08,191.030029296875,1683.989990234375,189.10000610351562,1120.8699951171875,101.24039459228516
2018-06-11,190.56167602539062,1689.1199951171875,191.5399932861328,1129.989990234375,100.66262817382812
2018-06-12,191.60800170898438,1698.75,192.39999389648438,1139.3199462890625,100.92162322998047
2018-06-13,190.0335235595703,1704.8599853515625,192.41000366210938,1134.7900390625,100.46338653564453
2018-06-14,190.1331787109375,1723.8599853515625,196.80999755859375,1152.1199951171875,101.03120422363281
2018-06-15,188.18002319335938,1715.969970703125,195.85000610351562,1152.260009765625,99.74614715576172
2018-06-18,188.08038330078125,1723.7900390625,198.30999755859375,1173.4599609375,100.47335052490234
2018-06-19,185.04104614257812,1734.780029296875,197.49000549316406,1168.06005859375,100.47335052490234
2018-06-20,185.84820556640625,1750.0799560546875,202.0,1169.8399658203125,101.47948455810547
2018-06-21,184.8118438720703,1730.219970703125,201.5,1157.6600341796875,100.75227355957031
2018-06-22,184.2737274169922,1715.6700439453125,201.74000549316406,1155.47998046875,100.02507781982422
2018-06-25,181.53334045410156,1663.1500244140625,196.35000610351562,1124.81005859375,98.0128173828125
2018-06-26,183.78543090820312,1691.0899658203125,199.0,1118.4599609375,98.7001724243164
2018-06-27,183.51638793945312,1660.510009765625,195.83999633789062,1103.97998046875,97.16607666015625
2018-06-28,184.85169982910156,1701.449951171875,196.22999572753906,1114.219970703125,98.25189971923828
2018-06-29,184.46307373046875,1699.800048828125,194.32000732421875,1115.6500244140625,98.23197937011719
2018-07-02,186.52581787109375,1713.780029296875,197.36000061035156,1127.4599609375,99.6266098022461
2018-07-03,183.2772216796875,1693.9599609375,192.72999572753906,1102.8900146484375,98.6702880859375
2018-07-05,184.75204467773438,1699.72998046875,198.4499969482422,1124.27001953125,99.37757110595703
2018-07-06,187.31307983398438,1710.6300048828125,203.22999572753906,1140.1700439453125,100.77220153808594
2018-07-09,189.91395568847656,1739.02001953125,204.74000549316406,1154.050048828125,101.45955657958984
2018-07-10,189.68475341796875,1743.0699462890625,203.5399932861328,1152.8399658203125,101.72852325439453
2018-07-11,187.223388671875,1755.0,202.5399932861328,1153.9000244140625,101.58905792236328
2018-07-12,190.3623809814453,1796.6199951171875,206.9199981689453,1183.47998046875,103.79058837890625
2018-07-13,190.6613311767578,1813.030029296875,207.32000732421875,1188.8199462890625,105.02583312988281
2018-07-16,190.2427978515625,1822.489990234375,207.22999572753906,1183.8599853515625,104.50782775878906
2018-07-17,190.78089904785156,1843.9300537109375,209.99000549316406,1198.800048828125,105.54383087158203
2018-07-18,189.7345733642578,1842.9200439453125,209.36000061035156,1195.8800048828125,104.7170181274414
2018-07-19,191.20941162109375,1812.969970703125,208.08999633789062,1186.9599609375,103.9997787475586
2018-07-20,190.7709503173828,1813.699951171875,209.94000244140625,1184.9100341796875,105.86260986328125
2018-07-23,190.9403533935547,1802.0,210.91000366210938,1205.5,107.55609130859375
2018-07-24,192.3254852294922,1829.239990234375,214.6699981689453,1248.0799560546875,107.24728393554688
2018-07-25,194.13914489746094,1863.6099853515625,217.5,1263.699951171875,110.4051284790039
2018-07-26,193.53126525878906,1808.0,176.25999450683594,1268.3299560546875,109.19976806640625
2018-07-27,190.3125457763672,1817.27001953125,174.88999938964844,1238.5,107.26720428466797
2018-07-30,189.2462921142578,1779.219970703125,171.05999755859375,1219.739990234375,104.966064453125
2018-07-31,189.6249542236328,1777.43994140625,172.5800018310547,1217.260009765625,105.67333984375
2018-08-01,200.79579162597656,1797.1700439453125,171.64999389648438,1220.010009765625,105.87257385253906
2018-08-02,206.6652069091797,1834.3299560546875,176.3699951171875,1226.1500244140625,107.15762329101562
2018-08-03,207.2631072998047,1823.2900390625,177.77999877929688,1223.7099609375,107.62582397460938
2018-08-06,208.33934020996094,1847.75,185.69000244140625,1224.77001953125,107.7154769897461
2018-08-07,206.3861846923828,1862.47998046875,183.80999755859375,1242.219970703125,108.46260070800781
2018-08-08,206.52569580078125,1886.52001953125,185.17999267578125,1245.6099853515625,109.07026672363281
2018-08-09,208.14999389648438,1898.52001953125,183.08999633789062,1249.0999755859375,109.24957275390625
2018-08-10,207.52999877929688,1886.300048828125,180.25999450683594,1237.6099853515625,108.58214569091797
2018-08-13,208.8699951171875,1896.199951171875,180.0500030517578,1235.010009765625,107.79517364501953
2018-08-14,209.75,1919.6500244140625,181.11000061035156,1242.0999755859375,109.13999938964844
2018-08-15,210.24000549316406,1882.6199951171875,179.52999877929688,1214.3800048828125,107.66000366210938
2018-08-16,213.32000732421875,1886.52001953125,174.6999969482422,1206.489990234375,107.63999938964844
2018-08-17,217.5800018310547,1882.219970703125,173.8000030517578,1200.9599609375,107.58000183105469
2018-08-20,215.4600067138672,1876.7099609375,172.5,1207.77001953125,106.87000274658203
2018-08-21,215.0399932861328,1883.4200439453125,172.6199951171875,1201.6199951171875,105.9800033569336
2018-08-22,215.0500030517578,1904.9000244140625,173.63999938964844,1207.3299560546875,107.05999755859375
2018-08-23,215.49000549316406,1902.9000244140625,172.89999389648438,1205.3800048828125,107.55999755859375
2018-08-24,216.16000366210938,1905.3900146484375,174.64999389648438,1220.6500244140625,108.4000015258789
2018-08-27,217.94000244140625,1927.6800537109375,177.4600067138672,1241.8199462890625,109.5999984741211
2018-08-28,219.6999969482422,1932.8199462890625,176.25999450683594,1231.1500244140625,110.26000213623047
2018-08-29,222.97999572753906,1998.0999755859375,175.89999389648438,1249.300048828125,112.0199966430664
2018-08-30,225.02999877929688,2002.3800048828125,177.63999938964844,1239.1199951171875,111.94999694824219
2018-08-31,227.6300048828125,2012.7099609375,175.72999572753906,1218.18994140625,112.33000183105469
2018-09-04,228.36000061035156,2039.510009765625,171.16000366210938,1197.0,111.70999908447266
2018-09-05,226.8699951171875,1994.8199462890625,167.17999267578125,1186.47998046875,108.48999786376953
2018-09-06,223.10000610351562,1958.31005859375,162.52999877929688,1171.43994140625,108.73999786376953
2018-09-07,221.3000030517578,1952.0699462890625,163.0399932861328,1164.8299560546875,108.20999908447266
2018-09-10,218.3300018310547,1939.010009765625,164.17999267578125,1164.6400146484375,109.37999725341797
2018-09-11,223.85000610351562,1987.1500244140625,165.94000244140625,1177.3599853515625,111.23999786376953
2018-09-12,221.07000732421875,1990.0,162.0,1162.8199462890625,111.70999908447266
2018-09-13,226.41000366210938,1989.8699951171875,161.36000061035156,1175.3299560546875,112.91000366210938
2018-09-14,223.83999633789062,1970.18994140625,162.32000732421875,1172.530029296875,113.37000274658203
2018-09-17,217.8800048828125,1908.030029296875,160.5800018310547,1156.050048828125,112.13999938964844
2018-09-18,218.24000549316406,1941.050048828125,160.3000030517578,1161.219970703125,113.20999908447266
2018-09-19,218.3699951171875,1926.4200439453125,163.05999755859375,1171.0899658203125,111.69999694824219
2018-09-20,220.02999877929688,1944.300048828125,166.02000427246094,1186.8699951171875,113.56999969482422
2018-09-21,217.66000366210938,1915.010009765625,162.92999267578125,1166.0899658203125,114.26000213623047
